[{"pk": 1, "model": "contenttypes.contenttype", "fields": {"model": "logentry", "name": "log entry", "app_label": "admin"}}, {"pk": 2, "model": "contenttypes.contenttype", "fields": {"model": "permission", "name": "permission", "app_label": "auth"}}, {"pk": 3, "model": "contenttypes.contenttype", "fields": {"model": "group", "name": "group", "app_label": "auth"}}, {"pk": 4, "model": "contenttypes.contenttype", "fields": {"model": "user", "name": "user", "app_label": "auth"}}, {"pk": 5, "model": "contenttypes.contenttype", "fields": {"model": "contenttype", "name": "content type", "app_label": "contenttypes"}}, {"pk": 6, "model": "contenttypes.contenttype", "fields": {"model": "session", "name": "session", "app_label": "sessions"}}, {"pk": 7, "model": "contenttypes.contenttype", "fields": {"model": "point", "name": "point", "app_label": "gather"}}, {"pk": 8, "model": "contenttypes.contenttype", "fields": {"model": "userprofile", "name": "user profile", "app_label": "gather"}}, {"pk": 9, "model": "contenttypes.contenttype", "fields": {"model": "debt", "name": "debt", "app_label": "gather"}}, {"pk": 10, "model": "contenttypes.contenttype", "fields": {"model": "migrationhistory", "name": "migration history", "app_label": "south"}}, {"pk": 11, "model": "contenttypes.contenttype", "fields": {"model": "story", "name": "story", "app_label": "stories"}}, {"pk": 12, "model": "contenttypes.contenttype", "fields": {"model": "tag", "name": "tag", "app_label": "stories"}}, {"pk": 13, "model": "contenttypes.contenttype", "fields": {"model": "category", "name": "category", "app_label": "stories"}}, {"pk": 14, "model": "contenttypes.contenttype", "fields": {"model": "states", "name": "states", "app_label": "gather"}}, {"pk": 15, "model": "contenttypes.contenttype", "fields": {"model": "dtruserprofile", "name": "dtr user profile", "app_label": "arcs"}}, {"pk": 16, "model": "contenttypes.contenttype", "fields": {"model": "action", "name": "action", "app_label": "collectives"}}, {"pk": 17, "model": "contenttypes.contenttype", "fields": {"model": "collective", "name": "collective", "app_label": "collectives"}}, {"pk": 18, "model": "contenttypes.contenttype", "fields": {"model": "useraction", "name": "user action", "app_label": "collectives"}}, {"pk": 19, "model": "contenttypes.contenttype", "fields": {"model": "collectivemember", "name": "collective member", "app_label": "collectives"}}, {"pk": "5qh04b4uct7dbyxun8pbke92qjm05nl0", "model": "sessions.session", "fields": {"expire_date": "2015-07-27T16:55:57.671Z", "session_data": "NjJmNmU5NjRlNTRhOTBmNmExNWE5Yjc0MmUwY2RlY2E3ZmIyYjE0Mjp7fQ=="}}, {"pk": "69ygn65a5d4ek047bmibnn797sbzz5tt", "model": "sessions.session", "fields": {"expire_date": "2015-07-27T05:40:36.038Z", "session_data": "NjJmNmU5NjRlNTRhOTBmNmExNWE5Yjc0MmUwY2RlY2E3ZmIyYjE0Mjp7fQ=="}}, {"pk": "cpicbrpnrgmhe1d5mgzc1xeeefgbhhq5", "model": "sessions.session", "fields": {"expire_date": "2015-07-27T05:40:01.319Z", "session_data": "NjJmNmU5NjRlNTRhOTBmNmExNWE5Yjc0MmUwY2RlY2E3ZmIyYjE0Mjp7fQ=="}}, {"pk": "drfo2qpjpa09fl9adlekgnclol30afyn", "model": "sessions.session", "fields": {"expire_date": "2015-04-15T22:30:39.632Z", "session_data": "NjA4YTZiMmYwNDFiNWE1ZThjNTMzZTJiODE0YWQxNTgyMzc3NjA3Zjp7Il9hdXRoX3VzZXJfYmFja2VuZCI6ImRqYW5nby5jb250cmliLmF1dGguYmFja2VuZHMuTW9kZWxCYWNrZW5kIiwiX2F1dGhfdXNlcl9pZCI6MX0="}}, {"pk": "f7if5zcavjxpt03yu2a0n8vocqjrlolo", "model": "sessions.session", "fields": {"expire_date": "2015-07-27T05:39:42.830Z", "session_data": "NjJmNmU5NjRlNTRhOTBmNmExNWE5Yjc0MmUwY2RlY2E3ZmIyYjE0Mjp7fQ=="}}, {"pk": "he79scewyz6ht3v8wk5z17cld4otmhjb", "model": "sessions.session", "fields": {"expire_date": "2015-07-27T05:35:28.333Z", "session_data": "NjJmNmU5NjRlNTRhOTBmNmExNWE5Yjc0MmUwY2RlY2E3ZmIyYjE0Mjp7fQ=="}}, {"pk": "mqbr204ygroqgaucznclvpj49jmeq6do", "model": "sessions.session", "fields": {"expire_date": "2015-07-28T14:04:25.997Z", "session_data": "N2E4NjhhMmZkZTAwNGQyNTQ2ZWIzMzBiOWY4ODdhYmM2MDQ2NzQ4Mjp7Il9tZXNzYWdlcyI6IltbXCJfX2pzb25fbWVzc2FnZVwiLDAsMjUsXCJTdWNjZXNzZnVsbHkgZGVsZXRlZCAxIGNvbGxlY3RpdmUgbWVtYmVyLlwiXV0iLCJfYXV0aF91c2VyX2lkIjoxLCJfYXV0aF91c2VyX2JhY2tlbmQiOiJkamFuZ28uY29udHJpYi5hdXRoLmJhY2tlbmRzLk1vZGVsQmFja2VuZCJ9"}}, {"pk": "r3ajnuha3fotrcccki01r1i7pm3kyvdr", "model": "sessions.session", "fields": {"expire_date": "2015-07-27T05:40:37.294Z", "session_data": "NjJmNmU5NjRlNTRhOTBmNmExNWE5Yjc0MmUwY2RlY2E3ZmIyYjE0Mjp7fQ=="}}, {"pk": "rdzxn8p43y2e11lrqeddlwycy268ot0p", "model": "sessions.session", "fields": {"expire_date": "2015-07-27T05:40:11.897Z", "session_data": "NjJmNmU5NjRlNTRhOTBmNmExNWE5Yjc0MmUwY2RlY2E3ZmIyYjE0Mjp7fQ=="}}, {"pk": "xvyp85woe3vbs6r0pif3ffsbxt1ichil", "model": "sessions.session", "fields": {"expire_date": "2015-07-27T06:16:14.186Z", "session_data": "NjA4YTZiMmYwNDFiNWE1ZThjNTMzZTJiODE0YWQxNTgyMzc3NjA3Zjp7Il9hdXRoX3VzZXJfYmFja2VuZCI6ImRqYW5nby5jb250cmliLmF1dGguYmFja2VuZHMuTW9kZWxCYWNrZW5kIiwiX2F1dGhfdXNlcl9pZCI6MX0="}}, {"pk": "z827iezybc94ejx702cz3p7t3jr21ncn", "model": "sessions.session", "fields": {"expire_date": "2015-07-27T05:36:46.783Z", "session_data": "NjJmNmU5NjRlNTRhOTBmNmExNWE5Yjc0MmUwY2RlY2E3ZmIyYjE0Mjp7fQ=="}}, {"pk": 1, "model": "gather.point", "fields": {"latitude": 40.7305993, "name": "New York", "longitude": -73.9865813}}, {"pk": 2, "model": "gather.point", "fields": {"latitude": 34.0502836, "name": "Los Angeles", "longitude": -118.2420861}}, {"pk": 3, "model": "gather.point", "fields": {"latitude": 41.8756208, "name": "Chicago", "longitude": -87.6243706}}, {"pk": 4, "model": "gather.point", "fields": {"latitude": 39.7683795, "name": "Indianapolis", "longitude": -86.1580447}}, {"pk": 5, "model": "gather.point", "fields": {"latitude": 38.2542386, "name": "Louisville", "longitude": -85.7594075}}, {"pk": 6, "model": "gather.point", "fields": {"latitude": 41.6833813, "name": "South Bend", "longitude": -86.2500066}}, {"pk": 7, "model": "gather.point", "fields": {"latitude": 30.1600827, "name": "Panama City", "longitude": -85.6545729}}, {"pk": 8, "model": "gather.point", "fields": {"latitude": 28.5421175, "name": "Orlando", "longitude": -81.3790462}}, {"pk": 9, "model": "gather.point", "fields": {"latitude": 25.7742658, "name": "Miami", "longitude": -80.1936589}}, {"pk": 10, "model": "gather.point", "fields": {"latitude": 41.0799898, "name": "Fort Wayne", "longitude": -85.1386015}}, {"pk": 11, "model": "gather.point", "fields": {"latitude": 39.7989763, "name": "Springfield", "longitude": -89.6443688}}, {"pk": 12, "model": "gather.point", "fields": {"latitude": 39.4667025, "name": "Terre Haute", "longitude": -87.4139119}}, {"pk": 13, "model": "gather.point", "fields": {"latitude": 39.9622601, "name": "Columbus", "longitude": -83.0007065}}, {"pk": 14, "model": "gather.point", "fields": {"latitude": 27.9475216, "name": "Tampa", "longitude": -82.4584279}}, {"pk": 15, "model": "gather.point", "fields": {"latitude": 39.1014564, "name": "Cincinnati", "longitude": -84.5138592}}, {"pk": 16, "model": "gather.point", "fields": {"latitude": 25.7881436, "name": "Miami Beach", "longitude": -80.1272705}}, {"pk": 17, "model": "gather.point", "fields": {"latitude": 51.5072759, "name": "London", "longitude": -0.1276597}}, {"pk": 18, "model": "gather.point", "fields": {"latitude": -41.2870685, "name": "Wellington", "longitude": 174.7810335}}, {"pk": 19, "model": "gather.point", "fields": {"latitude": 51.0623551, "name": "Winchester", "longitude": -1.3140919}}, {"pk": 20, "model": "gather.point", "fields": {"latitude": 32.3668052, "name": "Montgomery", "longitude": -86.2999689}}, {"pk": 21, "model": "gather.point", "fields": {"latitude": 43.1572851, "name": "Rochester", "longitude": -77.6152141}}, {"pk": 22, "model": "gather.point", "fields": {"latitude": 37.541239, "name": "Richmond", "longitude": -77.4420183}}, {"pk": 23, "model": "gather.point", "fields": {"latitude": 41.5910641, "name": "Des Moines", "longitude": -93.6037149}}, {"pk": 24, "model": "gather.point", "fields": {"latitude": 51.7521553, "name": "Oxford", "longitude": -1.2582135}}, {"pk": 25, "model": "gather.point", "fields": {"latitude": 41.8239891, "name": "Providence", "longitude": -71.4128343}}, {"pk": 26, "model": "gather.point", "fields": {"latitude": 32.2990384, "name": "Jackson", "longitude": -90.1847691}}, {"pk": 27, "model": "gather.point", "fields": {"latitude": 41.1670412, "name": "Bridgeport", "longitude": -73.2048348}}, {"pk": 28, "model": "gather.point", "fields": {"latitude": 43.1932336, "name": "Paris", "longitude": -80.3842807}}, {"pk": 29, "model": "gather.point", "fields": {"latitude": 10.1424373, "name": "Barcelona", "longitude": -64.6789015}}, {"pk": 30, "model": "gather.point", "fields": {"latitude": 40.4167047, "name": "Madrid", "longitude": -3.7035825}}, {"pk": 31, "model": "gather.point", "fields": {"latitude": 43.5298424, "name": "Aix-en-Provence", "longitude": 5.4474738}}, {"pk": 32, "model": "gather.point", "fields": {"latitude": 47.4983377, "name": "Budapest", "longitude": 19.0404712}}, {"pk": 33, "model": "gather.point", "fields": {"latitude": 39.7589478, "name": "Dayton", "longitude": -84.1916069}}, {"pk": 34, "model": "gather.point", "fields": {"latitude": 32.0835407, "name": "Savannah", "longitude": -81.0998342}}, {"pk": 35, "model": "gather.point", "fields": {"latitude": 27.0997775, "name": "Venice", "longitude": -82.4542633}}, {"pk": 36, "model": "gather.point", "fields": {"latitude": 52.5170397, "name": "Berlin", "longitude": 13.3888548}}, {"pk": 37, "model": "gather.point", "fields": {"latitude": 34.0930855, "name": "Alhambra", "longitude": -118.1279002}}, {"pk": 38, "model": "gather.point", "fields": {"latitude": 34.1438396, "name": "Pasadena", "longitude": -118.1290095}}, {"pk": 39, "model": "gather.point", "fields": {"latitude": 34.1819538, "name": "Burbank", "longitude": -118.3079649}}, {"pk": 40, "model": "gather.point", "fields": {"latitude": 39.952335, "name": "Philadelphia", "longitude": -75.163789}}, {"pk": 41, "model": "gather.point", "fields": {"latitude": 34.1420882, "name": "Glendale", "longitude": -118.25057}}, {"pk": 42, "model": "gather.point", "fields": {"latitude": -33.8548157, "name": "Sydney", "longitude": 151.2164539}}, {"pk": 43, "model": "gather.point", "fields": {"latitude": -22.9112163, "name": "Rio de Janeiro", "longitude": -43.2093781}}, {"pk": 44, "model": "gather.point", "fields": {"latitude": -15.7941878, "name": "Bras\u00edlia", "longitude": -47.8827491}}, {"pk": 45, "model": "gather.point", "fields": {"latitude": 51.4580216, "name": "Reading", "longitude": -0.9673727}}, {"pk": 46, "model": "gather.point", "fields": {"latitude": 50.9035305, "name": "Southampton", "longitude": -1.4041996}}, {"pk": 47, "model": "gather.point", "fields": {"latitude": 37.9577016, "name": "Stockton", "longitude": -121.2907796}}, {"pk": 48, "model": "gather.point", "fields": {"latitude": 33.4483772, "name": "Phoenix", "longitude": -112.0740374}}, {"pk": 49, "model": "gather.point", "fields": {"latitude": 36.6002379, "name": "Monterey", "longitude": -121.8946762}}, {"pk": 50, "model": "gather.point", "fields": {"latitude": 34.0633443, "name": "Ontario", "longitude": -117.6508876}}, {"pk": 51, "model": "gather.point", "fields": {"latitude": 32.7801052, "name": "Dallas", "longitude": -96.8000082}}, {"pk": 52, "model": "gather.point", "fields": {"latitude": 37.7789601, "name": "San Francisco", "longitude": -122.419199}}, {"pk": 53, "model": "gather.point", "fields": {"latitude": 32.7469748, "name": "San Diego", "longitude": -117.2118132}}, {"pk": 54, "model": "gather.point", "fields": {"latitude": 30.2674473, "name": "Austin", "longitude": -97.7425618}}, {"pk": 55, "model": "gather.point", "fields": {"latitude": 38.0464066, "name": "Lexington", "longitude": -84.4970393}}, {"pk": 56, "model": "gather.point", "fields": {"latitude": 30.3321838, "name": "Jacksonville", "longitude": -81.655651}}, {"pk": 57, "model": "gather.point", "fields": {"latitude": 42.3316454, "name": "Detroit", "longitude": -83.0466755}}, {"pk": 58, "model": "gather.point", "fields": {"latitude": 44.5299412, "name": "Green Bay", "longitude": -88.0248317}}, {"pk": 59, "model": "gather.point", "fields": {"latitude": 43.3842987, "name": "Cambridge", "longitude": -80.3098064}}, {"pk": 60, "model": "gather.point", "fields": {"latitude": 36.8468146, "name": "Norfolk", "longitude": -76.2852183}}, {"pk": 61, "model": "gather.point", "fields": {"latitude": 43.074761, "name": "Madison", "longitude": -89.3837613}}, {"pk": 62, "model": "gather.point", "fields": {"latitude": 45.4210328, "name": "Ottawa", "longitude": -75.6900219}}, {"pk": 63, "model": "gather.point", "fields": {"latitude": 41.4877262, "name": "Cleveland", "longitude": -81.677522}}, {"pk": 64, "model": "gather.point", "fields": {"latitude": 31.7600372, "name": "El Paso", "longitude": -106.487287}}, {"pk": 65, "model": "gather.point", "fields": {"latitude": 43.6529206, "name": "Toronto", "longitude": -79.3849008}}, {"pk": 66, "model": "gather.point", "fields": {"latitude": 53.3492787, "name": "Dublin", "longitude": -6.2611661}}, {"pk": 67, "model": "gather.point", "fields": {"latitude": 49.2499987, "name": "Vancouver", "longitude": -123.1333301}}, {"pk": 68, "model": "gather.point", "fields": {"latitude": 42.3604823, "name": "Boston", "longitude": -71.0595678}}, {"pk": 69, "model": "gather.point", "fields": {"latitude": 36.145204, "name": "Las Vegas", "longitude": -115.1611806}}, {"pk": 70, "model": "gather.point", "fields": {"latitude": 45.560485, "name": "Portland", "longitude": -122.54907}}, {"pk": 71, "model": "gather.point", "fields": {"latitude": 39.2810502, "name": "Baltimore", "longitude": -76.567903}}, {"pk": 72, "model": "gather.point", "fields": {"latitude": 35.4896803, "name": "Oklahoma City", "longitude": -97.5320836}}, {"pk": 73, "model": "gather.point", "fields": {"latitude": 36.1949274, "name": "Nashville", "longitude": -86.7417714}}, {"pk": 74, "model": "gather.point", "fields": {"latitude": 39.7391536, "name": "Denver", "longitude": -104.9847034}}, {"pk": 75, "model": "gather.point", "fields": {"latitude": 47.5992959, "name": "Seattle", "longitude": -122.3288811}}, {"pk": 76, "model": "gather.point", "fields": {"latitude": 38.8338816, "name": "Colorado Springs", "longitude": -104.8213634}}, {"pk": 77, "model": "gather.point", "fields": {"latitude": 35.0841034, "name": "Albuquerque", "longitude": -106.6509851}}, {"pk": 78, "model": "gather.point", "fields": {"latitude": 35.1495343, "name": "Memphis", "longitude": -90.0489801}}, {"pk": 79, "model": "gather.point", "fields": {"latitude": 38.8951148, "name": "Washington", "longitude": -77.0363716}}, {"pk": 80, "model": "gather.point", "fields": {"latitude": 43.0349931, "name": "Milwaukee", "longitude": -87.922497}}, {"pk": 81, "model": "gather.point", "fields": {"latitude": 38.5815719, "name": "Sacramento", "longitude": -121.4943996}}, {"pk": 82, "model": "gather.point", "fields": {"latitude": 32.2217429, "name": "Tucson", "longitude": -110.926479}}, {"pk": 83, "model": "gather.point", "fields": {"latitude": 33.7776499, "name": "Long Beach", "longitude": -118.1875049}}, {"pk": 84, "model": "gather.point", "fields": {"latitude": 39.0994728, "name": "Kansas City", "longitude": -94.5813298}}, {"pk": 85, "model": "gather.point", "fields": {"latitude": 35.772096, "name": "Raleigh-Durham", "longitude": -78.6386145}}, {"pk": 86, "model": "gather.point", "fields": {"latitude": 38.029306, "name": "Charlottesville", "longitude": -78.4766781}}, {"pk": 87, "model": "gather.point", "fields": {"latitude": 39.3642852, "name": "Atlantic City", "longitude": -74.4229351}}, {"pk": 88, "model": "gather.point", "fields": {"latitude": 36.1545486, "name": "Tulsa", "longitude": -95.9906783}}, {"pk": 89, "model": "gather.point", "fields": {"latitude": 41.2587317, "name": "Omaha", "longitude": -95.9378732}}, {"pk": 90, "model": "gather.point", "fields": {"latitude": 31.549333, "name": "Waco", "longitude": -97.1466695}}, {"pk": 91, "model": "gather.point", "fields": {"latitude": 44.9772995, "name": "Minneapolis", "longitude": -93.2654692}}, {"pk": 92, "model": "gather.point", "fields": {"latitude": 29.9499323, "name": "New Orleans", "longitude": -90.0701156}}, {"pk": 93, "model": "gather.point", "fields": {"latitude": 35.3713431, "name": "Bakersfield", "longitude": -119.0219428}}, {"pk": 94, "model": "gather.point", "fields": {"latitude": 42.2681569, "name": "Ann Arbor", "longitude": -83.7312291}}, {"pk": 95, "model": "gather.point", "fields": {"latitude": 43.0171773, "name": "Flint", "longitude": -83.7236024}}, {"pk": 96, "model": "gather.point", "fields": {"latitude": 35.6869752, "name": "Santa Fe", "longitude": -105.9377991}}, {"pk": 97, "model": "gather.point", "fields": {"latitude": 39.729432, "name": "Aurora", "longitude": -104.8319196}}, {"pk": 98, "model": "gather.point", "fields": {"latitude": 38.5767026, "name": "Jefferson City", "longitude": -92.1735165}}, {"pk": 99, "model": "gather.point", "fields": {"latitude": 41.5236436, "name": "Davenport", "longitude": -90.5776368}}, {"pk": 100, "model": "gather.point", "fields": {"latitude": 26.3013982, "name": "Edinburg", "longitude": -98.1624501}}, {"pk": 101, "model": "gather.point", "fields": {"latitude": 40.3014316, "name": "Havana", "longitude": -90.0633625}}, {"pk": 102, "model": "gather.point", "fields": {"latitude": 41.6611277, "name": "Iowa City", "longitude": -91.5301683}}, {"pk": 103, "model": "gather.point", "fields": {"latitude": 38.6264972, "name": "Saint Louis", "longitude": -90.1993244}}, {"pk": 104, "model": "gather.point", "fields": {"latitude": 32.735687, "name": "Arlington", "longitude": -97.1080656}}, {"pk": 105, "model": "gather.point", "fields": {"latitude": 33.9533546, "name": "Riverside", "longitude": -117.3961623}}, {"pk": 106, "model": "gather.point", "fields": {"latitude": 36.0726355, "name": "Greensboro", "longitude": -79.7919754}}, {"pk": 107, "model": "gather.point", "fields": {"latitude": 40.735657, "name": "Newark", "longitude": -74.1723667}}, {"pk": 108, "model": "gather.point", "fields": {"latitude": 27.506407, "name": "Laredo", "longitude": -99.5075421}}, {"pk": 109, "model": "gather.point", "fields": {"latitude": 39.5295269, "name": "Reno", "longitude": -119.813779}}, {"pk": 110, "model": "gather.point", "fields": {"latitude": 40.815551, "name": "Lincoln", "longitude": -96.691758}}, {"pk": 111, "model": "gather.point", "fields": {"latitude": 59.9132694, "name": "Oslo", "longitude": 10.7391111}}, {"pk": 112, "model": "gather.point", "fields": {"latitude": 38.7128335, "name": "Lisboa", "longitude": -9.1328948}}, {"pk": 113, "model": "gather.point", "fields": {"latitude": 43.6112423, "name": "Montpellier", "longitude": 3.8767336}}, {"pk": 114, "model": "gather.point", "fields": {"latitude": 45.5224507, "name": "Montr\u00e9al", "longitude": -73.5912827}}, {"pk": 115, "model": "gather.point", "fields": {"latitude": 18.549274, "name": "Port-au-Prince", "longitude": -72.3393295}}, {"pk": 116, "model": "gather.point", "fields": {"latitude": 33.899327, "name": "Beirut - \u0628\u064a\u0631\u0648\u062a", "longitude": 35.4690289}}, {"pk": 117, "model": "gather.point", "fields": {"latitude": 19.4325305, "name": "Ciudad de M\u00e9xico", "longitude": -99.1332104}}, {"pk": 118, "model": "gather.point", "fields": {"latitude": 43.615046, "name": "Boise", "longitude": -116.2044429}}, {"pk": 119, "model": "gather.point", "fields": {"latitude": 39.0490111, "name": "Topeka", "longitude": -95.6775557}}, {"pk": 120, "model": "gather.point", "fields": {"latitude": 30.4507462, "name": "Baton Rouge", "longitude": -91.154551}}, {"pk": 121, "model": "gather.point", "fields": {"latitude": 44.9553658, "name": "Saint Paul", "longitude": -93.1022043}}, {"pk": 122, "model": "gather.point", "fields": {"latitude": 33.7490987, "name": "Atlanta", "longitude": -84.3901849}}, {"pk": 123, "model": "gather.point", "fields": {"latitude": 37.6390972, "name": "Modesto", "longitude": -120.9968782}}, {"pk": 124, "model": "gather.point", "fields": {"latitude": 36.0625843, "name": "Fayetteville", "longitude": -94.1574328}}, {"pk": 125, "model": "gather.point", "fields": {"latitude": 41.7641463, "name": "Hartford", "longitude": -72.6822578}}, {"pk": 126, "model": "gather.point", "fields": {"latitude": 47.6588603, "name": "Spokane", "longitude": -117.4247134}}, {"pk": 127, "model": "gather.point", "fields": {"latitude": 47.0414804, "name": "Olympia", "longitude": -122.891333}}, {"pk": 128, "model": "gather.point", "fields": {"latitude": 33.5206824, "name": "Birmingham", "longitude": -86.8024326}}, {"pk": 129, "model": "gather.point", "fields": {"latitude": 58.3019496, "name": "Juneau", "longitude": -134.419734}}, {"pk": 130, "model": "gather.point", "fields": {"latitude": 34.7998143, "name": "Florence", "longitude": -87.6772558}}, {"pk": "AK", "model": "gather.states", "fields": {"state": "Alaska"}}, {"pk": "AL", "model": "gather.states", "fields": {"state": "Alabama"}}, {"pk": "AR", "model": "gather.states", "fields": {"state": "Arkansas"}}, {"pk": "AZ", "model": "gather.states", "fields": {"state": "Arizona"}}, {"pk": "CA", "model": "gather.states", "fields": {"state": "California"}}, {"pk": "CO", "model": "gather.states", "fields": {"state": "Colorado"}}, {"pk": "CT", "model": "gather.states", "fields": {"state": "Connecticut"}}, {"pk": "DC", "model": "gather.states", "fields": {"state": "District of Columbia"}}, {"pk": "DE", "model": "gather.states", "fields": {"state": "Delaware"}}, {"pk": "FL", "model": "gather.states", "fields": {"state": "Florida"}}, {"pk": "GA", "model": "gather.states", "fields": {"state": "Georgia"}}, {"pk": "HI", "model": "gather.states", "fields": {"state": "Hawaii"}}, {"pk": "IA", "model": "gather.states", "fields": {"state": "Iowa"}}, {"pk": "ID", "model": "gather.states", "fields": {"state": "Idaho"}}, {"pk": "IL", "model": "gather.states", "fields": {"state": "Illinois"}}, {"pk": "IN", "model": "gather.states", "fields": {"state": "Indiana"}}, {"pk": "KS", "model": "gather.states", "fields": {"state": "Kansas"}}, {"pk": "KY", "model": "gather.states", "fields": {"state": "Kentucky"}}, {"pk": "LA", "model": "gather.states", "fields": {"state": "Louisiana"}}, {"pk": "MA", "model": "gather.states", "fields": {"state": "Massachusetts"}}, {"pk": "MD", "model": "gather.states", "fields": {"state": "Maryland"}}, {"pk": "ME", "model": "gather.states", "fields": {"state": "Maine"}}, {"pk": "MI", "model": "gather.states", "fields": {"state": "Michigan"}}, {"pk": "MN", "model": "gather.states", "fields": {"state": "Minnesota"}}, {"pk": "MO", "model": "gather.states", "fields": {"state": "Missouri"}}, {"pk": "MS", "model": "gather.states", "fields": {"state": "Mississippi"}}, {"pk": "MT", "model": "gather.states", "fields": {"state": "Montana"}}, {"pk": "NC", "model": "gather.states", "fields": {"state": "North Carolina"}}, {"pk": "ND", "model": "gather.states", "fields": {"state": "North Dakota"}}, {"pk": "NE", "model": "gather.states", "fields": {"state": "Nebraska"}}, {"pk": "NH", "model": "gather.states", "fields": {"state": "New Hampshire"}}, {"pk": "NJ", "model": "gather.states", "fields": {"state": "New Jersey"}}, {"pk": "NM", "model": "gather.states", "fields": {"state": "New Mexico"}}, {"pk": "NV", "model": "gather.states", "fields": {"state": "Nevada"}}, {"pk": "NY", "model": "gather.states", "fields": {"state": "New York"}}, {"pk": "OH", "model": "gather.states", "fields": {"state": "Ohio"}}, {"pk": "OK", "model": "gather.states", "fields": {"state": "Oklahoma"}}, {"pk": "OR", "model": "gather.states", "fields": {"state": "Oregon"}}, {"pk": "PA", "model": "gather.states", "fields": {"state": "Pennsylvania"}}, {"pk": "RI", "model": "gather.states", "fields": {"state": "Rhode Island"}}, {"pk": "SC", "model": "gather.states", "fields": {"state": "South Carolina"}}, {"pk": "SD", "model": "gather.states", "fields": {"state": "South Dakota"}}, {"pk": "TN", "model": "gather.states", "fields": {"state": "Tennessee"}}, {"pk": "TX", "model": "gather.states", "fields": {"state": "Texas"}}, {"pk": "UT", "model": "gather.states", "fields": {"state": "Utah"}}, {"pk": "VA", "model": "gather.states", "fields": {"state": "Virginia"}}, {"pk": "VT", "model": "gather.states", "fields": {"state": "Vermont"}}, {"pk": "WA", "model": "gather.states", "fields": {"state": "Washington"}}, {"pk": "WI", "model": "gather.states", "fields": {"state": "Wisconsin"}}, {"pk": "WV", "model": "gather.states", "fields": {"state": "West Virginia"}}, {"pk": "WY", "model": "gather.states", "fields": {"state": "Wyoming"}}, {"pk": 1, "model": "arcs.dtruserprofile", "fields": {"data": "\"\""}}, {"pk": 2, "model": "arcs.dtruserprofile", "fields": {"data": "{\"name\":\"hello\",\"key\":2}"}}, {"pk": 3, "model": "arcs.dtruserprofile", "fields": {"data": "{\"name_2\":\"\",\"misleading_pass_rate\":\"\",\"injury_other\":\"\",\"misleading_job_assistance_2\":\"\",\"misleading_loan_type_check\":\"true\",\"misleading_job_assistance_1\":\"\",\"misleading_loans\":\"\",\"school_name_3\":\"\",\"misleading_other\":\"blah123\",\"state_2\":\"\",\"misleading_accreditation_1\":\"\",\"program_name\":\"\",\"school-close\":\"1\",\"injury_school\":\"\",\"date_today\":\"3/24/2015\",\"zip\":\"\",\"phone_primary_1\":\"\",\"misleading_job_assistance\":\"\",\"phone_primary_3\":\"\",\"phone_primary_2\":\"\",\"injury_debt\":\"\",\"injury_opportunity\":\"\",\"misleading_accreditation\":\"\",\"misleading_job_other\":\"\",\"attendance_to_year\":\"2103\",\"school_name_4\":\"\",\"misleading_truecost\":\"\",\"misleading_job_other_check\":\"true\",\"injury_debt_check\":\"true\",\"school_name_10\":\"\",\"school_name_11\":\"\",\"school_name_12\":\"\",\"school_name_13\":\"\",\"misleading_grants\":\"\",\"credential\":\"1\",\"agreement\":\"true\",\"school_address\":\"N/A\",\"attendance_from_year\":\"2012\",\"misleading_job_stats\":\"\",\"phone_alt_3\":\"\",\"state\":\"\",\"completed\":\"1\",\"state_law\":\"\",\"phone_alt_2\":\"\",\"school_name\":\"\",\"injuty_opportunity_1_check\":\"true\",\"misleading_loan_type\":\"\",\"misleading_accreditation_check\":\"\",\"school_name_8\":\"\",\"misleading_quality_other_check\":\"true\",\"misleading_quality_other\":\"\",\"misleading_pay_other\":\"\",\"key\":3,\"address\":\"\",\"school_name_2\":\"\",\"servicer\":\"\",\"misleading_teachout\":\"\",\"phone_alt_1\":\"\",\"school_name_6\":\"\",\"school_name_7\":\"\",\"misleading_pay_other_check\":\"true\",\"school_name_5\":\"\",\"injury_employment\":\"\",\"name\":\"\",\"attendance_from_month\":\"01\",\"misleading_terms\":\"\",\"misleading_job_assistance_check\":\"\",\"email\":\"\",\"school_name_9\":\"\",\"city\":\"\",\"withdraw\":\"1\",\"signature\":\"Ann Larson\",\"ssn_1\":\"\",\"ssn_2\":\"\",\"ssn_3\":\"\",\"misleading_accreditation_2\":\"\",\"misleading_likelihood\":\"\"}"}}, {"pk": 4, "model": "arcs.dtruserprofile", "fields": {"data": "{\"name_2\":\"Angela Reiswig\",\"misleading_pass_rate\":\"\",\"injury_other\":\"I have insomnia and anxiety from the stress of my debt.\",\"misleading_job_assistance_2\":\"They directed me to Home Instead In-home Senior Care to be a caregiver, which is a non medical position not requiring and medical training whatsoever.\",\"misleading_job_assistance_1\":\"\",\"misleading_loans\":\"\",\"email\":\"Angelareiswig@Yahoo.com\",\"misleading_job_assistance_2_check\":\"true\",\"servicer\":\"Navient/Sallie Mae\",\"misleading_other\":\"\",\"state_2\":\"California\",\"misleading_accreditation_1\":\"They did not tell me until my 5th mod that my credits were not transferable, and that they were not associated with the A.M.A.\",\"program_name\":\"medical assisting\",\"misleading_accreditation_2\":\"\",\"injury_school\":\"\",\"date_today\":\"3/24/2015\",\"zip\":\"94588\",\"phone_primary_1\":\"925\",\"misleading_job_assistance\":\" They directed me to Home Instead In-home Senior Care to be a caregiver, which is a non medical position not requiring and medical training whatsoever.\",\"phone_primary_3\":\"0067\",\"phone_primary_2\":\"812\",\"injury_debt\":\"I owe over $11,000 in which I cannot pay back. I have had multiple forbearances-.-which have added money to my loan and multiple deferments. I have developed an anxiety disorder due to the stress off my debt.\",\"injury_opportunity\":\"\",\"misleading_accreditation\":\"They did not tell me until my 5th mod that my credits were not transferable, and that they were not associated with the A.M.A. \",\"state\":\"California\",\"school_name_4\":\"Everest City of Industry\",\"misleading_truecost\":\"\",\"employed\":\"0\",\"school-close\":\"1\",\"school_name_10\":\"Everest City of Industry\",\"school_name_11\":\"Everest City of Industry\",\"school_name_12\":\"Everest City of Industry\",\"school_name_13\":\"Everest City of Industry\",\"misleading_grants\":\"\",\"credential\":\"1\",\"school_address\":\"12801 Crossroads Parkway South City of Industry, CA 91746\",\"attendance_from_year\":\"2009\",\"misleading_job_stats\":\"They showed me how many jobs were in my field on Craig's list.\",\"phone_alt_3\":\"\",\"city\":\"Pleasanton\",\"completed\":\"0\",\"state_law\":\"Action under the Unfair Competition Law, Cal. Bus. & Prof. Code Sections 17200 et seq., for unlawful, unfair, or fraudulent business practices; under the False Advertising Law, Cal. Bus. & Prof. Code Section 17500, for untrue or misleading advertising; and under the Consumer Legal Remedies Act, Cal. Civil Code Section 1770, for unfair or deceptive acts or practices.\",\"phone_alt_2\":\"\",\"agreement\":\"true\",\"misleading_loan_type\":\"\",\"misleading_accreditation_check\":\"true\",\"school_name_8\":\"Everest City of Industry\",\"school_name_9\":\"Everest City of Industry\",\"misleading_quality_other\":\"\",\"misleading_pay_other\":\"\",\"key\":4,\"address\":\"2252 Segundo Ct\",\"school_name_2\":\"Everest City of Industry\",\"school_name_3\":\"Everest City of Industry\",\"misleading_teachout\":\"\",\"phone_alt_1\":\"\",\"in_field\":\"1\",\"school_name_7\":\"Everest City of Industry\",\"school_name\":\"Everest City of Industry\",\"school_name_5\":\"Everest City of Industry\",\"injury_employment\":\"\",\"injury_debt_check\":\"true\",\"misleading_accreditation_1_check\":\"true\",\"name\":\"Angela Reiswig\",\"attendance_from_month\":\"05\",\"misleading_terms\":\"\",\"injury_other_check\":\"true\",\"misleading_job_assistance_check\":\"true\",\"school_name_6\":\"Everest City of Industry\",\"misleading_job_other\":\"\",\"misleading_job_stats_check\":\"true\",\"misleading_likelihood\":\"\",\"attendance_to_year\":\"2010\",\"withdraw\":\"1\",\"signature\":\"Angela Reiswig\"}"}}, {"pk": 5, "model": "arcs.dtruserprofile", "fields": {"data": "{\"injury_school_check\":\"true\",\"misleading_accreditation_1\":\"Because seriously, why would someone fill out a form like this?\",\"misleading_accreditation_2\":\"It just doesn't make any sense.\",\"injury_school\":\"Shit yeah I have.\",\"injury_opportunity\":\"Like, SO many injuries.\",\"employed\":\"0\",\"injury_debt_check\":\"true\",\"misleading_job_assistance_1_check\":\"true\",\"school_address\":\"N/A\",\"misleading_loan_type\":\"if not fix it tonight\",\"misleading_quality_other\":\"I mean there are better things I could be doing.\",\"misleading_loan_type_check\":\"true\",\"misleading_teachout\":\"Lots of ins, outs, what-have-yous.\",\"name\":\"Zak Greene\",\"misleading_job_assistance_check\":\"true\",\"injury_employment\":\"Bandages n shit.\",\"attendance_to_year\":\"2015\",\"misleading_likelihood_check\":\"true\",\"misleading_pass_rate\":\"I mean because it would be a shame if someone thought this was an actual DTR form.\",\"injury_other\":\"Need to see a specialist about them injuries.\",\"misleading_job_assistance_2\":\" in dolor qui dolore\",\"misleading_teachout_check\":\"true\",\"misleading_job_assistance_1\":\"Feugiat vulputate\",\"misleading_accreditation_check\":\"true\",\"misleading_job_assistance_2_check\":\"true\",\"school-close\":\"0\",\"date_today\":\"3/25/2015\",\"misleading_job_assistance\":\"Feugiat vulputate  in dolor qui dolore\",\"state\":\"New York\",\"email\":\"zak@zakgreene.com\",\"state_law\":\"Action for unfair or deceptive acts or practices in violation of Section 44-1521 et seq. of the Arizona Revised Statutes, the Arizona Consumer Fraud Act, which also incorporates Federal Trade Commission (FTC) regulations and actions against proprietary higher education institutions. This includes the FTC Act and FTC regulations, including the Guides for Private Vocational and Distance Education Schools, 16 C.F.R. \\u00a7 254.0 et seq. Because the Consumer Financial Protection Bureau (CFPB) also wields the FTC's \\\"unfair and deceptive\\\" power, by extension these provisions should be read to incorporate the CFPB's actions against Corinthian and other for-profit colleges;\",\"agreement\":\"true\",\"injuty_opportunity_1_check\":\"true\",\"key\":5,\"address\":\"209 Nassau Ave. Apt 2R\",\"program_name\":\"Cactuses\",\"injury_employment_check\":\"true\",\"misleading_grants_check\":\"true\",\"injury_other_check\":\"true\",\"misleading_likelihood\":\"Because it's been a long day\",\"misleading_accreditation_2_check\":\"true\",\"signature\":\"Zachary Greene\",\"name_2\":\"Zak Greene\",\"misleading_truecost_check\":\"true\",\"misleading_loans\":\"Well I guess I'm testing this form because if something's broken I want to at least know what it is\",\"city\":\"Brooklyn\",\"zip\":\"11222\",\"phone_primary_1\":\"123\",\"phone_primary_3\":\"7896\",\"phone_primary_2\":\"456\",\"misleading_job_other\":\"Hopefully it's pretty clear this is just a test\",\"pk\":5,\"attendance_from_year\":\"2014\",\"misleading_job_stats\":\"lorem\",\"completed\":\"1\",\"phone_alt_2\":\"564\",\"phone_alt_3\":\"7893\",\"phone_alt_1\":\"123\",\"school_name_8\":\"Everest ONLINE - Tempe\",\"school_name_9\":\"Everest ONLINE - Tempe\",\"misleading_pay_other\":\"And that'll be nice\",\"misleading_job_other_check\":\"true\",\"school_name_2\":\"Everest ONLINE - Tempe\",\"school_name_3\":\"Everest ONLINE - Tempe\",\"school_name_6\":\"Everest ONLINE - Tempe\",\"school_name_7\":\"Everest ONLINE - Tempe\",\"school_name_4\":\"Everest ONLINE - Tempe\",\"school_name_5\":\"Everest ONLINE - Tempe\",\"misleading_terms\":\"And if it works perfectly, then I'll at least get to rest easier\",\"attendance_from_month\":\"09\",\"misleading_quality_other_check\":\"true\",\"misleading_grants\":\"Because it's 1am, seriously wtf am I doing.\",\"misleading_other\":\"But I think it's all going to turn out great. Character limit and all.\",\"state_2\":\"New York\",\"injury_debt\":\"Have I been injured?\",\"misleading_accreditation\":\"Because seriously, why would someone fill out a form like this? It just doesn't make any sense.\",\"school_state\":\"Arizona\",\"misleading_truecost\":\"Like sleeping\",\"school_name_10\":\"Everest ONLINE - Tempe\",\"school_name_11\":\"Everest ONLINE - Tempe\",\"school_name_12\":\"Everest ONLINE - Tempe\",\"school_name_13\":\"Everest ONLINE - Tempe\",\"credential\":\"3\",\"misleading_loans_check\":\"true\",\"misleading_accreditation_1_check\":\"true\",\"misleading_terms_check\":\"true\",\"school_name\":\"Everest ONLINE - Tempe\",\"misleading_pass_rate_check\":\"true\",\"servicer\":\"Great Lakes\",\"in_field\":\"0\",\"misleading_pay_other_check\":\"true\",\"misleading_job_stats_check\":\"true\"}"}}, {"pk": 6, "model": "arcs.dtruserprofile", "fields": {"data": "{\"name_2\":\"lkhlhlkh\",\"misleading_pass_rate\":\"\",\"injury_school_check\":\"true\",\"attendance_to_month\":\"01\",\"misleading_job_assistance_2\":\"\",\"misleading_job_assistance_1\":\"\",\"misleading_loans\":\"\",\"injury_employment_check\":\"true\",\"misleading_job_assistance_2_check\":\"true\",\"servicer\":\"Great Lakes\",\"misleading_other\":\"ffdkfladkhfdlgnffdkfladkhfdlgnffdkfladkhfdlgnffdkfladkhfdlgnffdkfladkhfdlgnffdkfladkhfdlgnffdkfladkhfdlgnffdkfladkhfdlgnffdkfladkhfdlgnffdkfladkhfdlgnffdkfladkhfdlgnffdkfladkhfdlgnffdkfladkhfdlgnffdkfladkhfdlgnffdkfladkhfdlgnffdkfladkhfdlgnffdkfladkhfdlgnffdkfladkhfdlgnffdkfladkhfdlgnffdkfladkhfdlgnffdkfladkhfdlgnffdkfladkhfdlgnffdkfladkhfdlgnffdkfladkhfdlgnffdkfladkhfdlgnffdkfladkhfdlgnffdkfladkhfdlgnffdkfladkhfdlgnffdkfladkhfdlgnffdkfladkhfdlgnffdkfladkhfdlgnffdkfladkhfdlgnffdkfladkhfdlgnffdkfladkhfdlgnffdkfladkhfdlgnffdkfladkhfdlgnffdkfladkhfdlgnffdkfladkhfdlgnffdkfladkhfdlgnffdkfladkhfdlgnffdkfladkhfdlgnffdkfladkhfdlgnffdkfladkhfdlgnffdkfladkhfdlgnffdkfladkhfdlgnffdkfladkhfdlgnffdkfladkhfdlgnffdkfladkhfdlgnffdkfladkhfdlgnffdkfladkhfdlgnffdkfladkhfdlgnffdkfladkhfdlgnffdkfladkhfdlgnffdkfladkhfdlgnffdkfladkhfdlgnffdkfladkhfdlgnffdkfladkhfdlgnffdkfladkhfdlgnffdkfladkhfdlgnffdkfladkhfdlgnffdkfladkhfdlgn\",\"state_2\":\"South Dakota\",\"misleading_accreditation_1\":\"\",\"program_name\":\"flflflflfl\",\"misleading_accreditation_2\":\"\",\"injury_school\":\"\",\"date_today\":\"3/25/2015\",\"zip\":\"88888\",\"phone_primary_1\":\"000\",\"misleading_job_assistance\":\"\",\"phone_primary_3\":\"0000\",\"phone_primary_2\":\"000\",\"injury_debt\":\"\",\"injury_opportunity\":\"\",\"misleading_accreditation\":\"\",\"school_state\":\"N/A\",\"school_name_4\":\"Everest Lakeland\",\"injury_other\":\"\",\"misleading_truecost\":\"\",\"employed\":\"1\",\"injury_debt_check\":\"true\",\"school_name_10\":\"Everest Lakeland\",\"school_name_11\":\"Everest Lakeland\",\"school_name_12\":\"Everest Lakeland\",\"school_name_13\":\"Everest Lakeland\",\"misleading_grants\":\"\",\"credential\":\"2\",\"school_address\":\"995 E Memorial Blvd #110, Lakeland, FL 33801\",\"attendance_from_year\":\"888\",\"misleading_job_stats\":\"\",\"misleading_loans_check\":\"true\",\"state\":\"South Dakota\",\"completed\":\"0\",\"state_law\":\"\",\"phone_alt_2\":\"\",\"misleading_loan_type\":\"\",\"misleading_terms_check\":\"true\",\"agreement\":\"true\",\"misleading_accreditation_check\":\"true\",\"school_name_8\":\"Everest Lakeland\",\"school_name_9\":\"Everest Lakeland\",\"misleading_quality_other\":\"\",\"misleading_pay_other\":\"\",\"key\":6,\"address\":\"494 fkjdfdfhffkdfjdfhdjfk\",\"school_name_2\":\"Everest Lakeland\",\"school_name_3\":\"Everest Lakeland\",\"misleading_teachout\":\"\",\"phone_alt_1\":\"\",\"school_name_6\":\"Everest Lakeland\",\"school_name_7\":\"Everest Lakeland\",\"school_name\":\"Everest Lakeland\",\"school_name_5\":\"Everest Lakeland\",\"injury_employment\":\"\",\"misleading_accreditation_1_check\":\"true\",\"name\":\"lkhlhlkh\",\"attendance_from_month\":\"01\",\"misleading_terms\":\"\",\"misleading_job_assistance_check\":\"true\",\"injuty_opportunity_1_check\":\"true\",\"school-close\":\"1\",\"misleading_job_other\":\"\",\"misleading_job_stats_check\":\"true\",\"email\":\"\",\"phone_alt_3\":\"\",\"misleading_accreditation_2_check\":\"true\",\"attendance_to_year\":\"9999\",\"city\":\"dkgdgoiuhgnmg\",\"withdraw\":\"1\",\"signature\":\"adfggdgadg\",\"misleading_likelihood\":\"\"}"}}, {"pk": 7, "model": "arcs.dtruserprofile", "fields": {"data": "{\"name_2\":\"Shakita Stokes\",\"misleading_pass_rate\":\"\",\"injury_other\":\"\",\"attendance_to_month\":\"01\",\"misleading_job_assistance_2\":\"\",\"misleading_job_assistance_1\":\"\",\"misleading_loans\":\"\",\"school_name_3\":\"\",\"misleading_other\":\"\",\"state_2\":\"Florida\",\"misleading_accreditation_1\":\"\",\"program_name\":\"\",\"misleading_accreditation_2\":\"\",\"injury_school\":\"\",\"date_today\":\"3/25/2015\",\"zip\":\"32501\",\"phone_primary_1\":\"850\",\"misleading_job_assistance\":\"\",\"phone_primary_3\":\"\",\"phone_primary_2\":\"\",\"injury_debt\":\"\",\"injury_opportunity\":\"\",\"misleading_accreditation\":\"\",\"school_state\":\"N/A\",\"school_name_4\":\"\",\"misleading_truecost\":\"\",\"school_name_10\":\"\",\"school_name_11\":\"\",\"school_name_12\":\"\",\"school_name_13\":\"\",\"misleading_grants\":\"\",\"school_address\":\"N/A\",\"attendance_from_year\":\"\",\"misleading_job_stats\":\"\",\"state\":\"Florida\",\"state_law\":\"\",\"phone_alt_2\":\"\",\"phone_alt_3\":\"\",\"misleading_loan_type\":\"\",\"misleading_accreditation_check\":\"\",\"school_name_8\":\"\",\"school_name_9\":\"\",\"misleading_quality_other\":\"\",\"misleading_pay_other\":\"\",\"key\":7,\"address\":\"1910 1/2 West Lloyd Street\",\"school_name_2\":\"\",\"servicer\":\"\",\"misleading_teachout\":\"\",\"phone_alt_1\":\"\",\"school_name_6\":\"\",\"school_name_7\":\"\",\"school_name\":\"\",\"school_name_5\":\"\",\"injury_employment\":\"\",\"name\":\"Shakita Stokes\",\"attendance_from_month\":\"01\",\"misleading_terms\":\"\",\"misleading_job_assistance_check\":\"\",\"misleading_job_other\":\"\",\"email\":\"\",\"attendance_to_year\":\"\",\"city\":\"Pensacola\",\"signature\":\"\",\"misleading_likelihood\":\"\"}"}}, {"pk": 8, "model": "arcs.dtruserprofile", "fields": {"data": "{\"name_2\":\"Shakita Stokes\",\"misleading_pass_rate\":\"\",\"injury_school_check\":\"true\",\"attendance_to_month\":\"01\",\"misleading_job_assistance_2\":\"\",\"misleading_job_assistance_1\":\"\",\"address\":\"1910 1/2 West Lloyd Street\",\"injury_other\":\"\",\"email\":\"sstokes1992@aol.com\",\"misleading_teachout\":\"\",\"school_name_3\":\"Everest  ONLINE - Orlando South\",\"misleading_other\":\"\",\"state_2\":\"Florida\",\"misleading_accreditation_1\":\"\",\"school_name_6\":\"Everest  ONLINE - Orlando South\",\"misleading_accreditation_2\":\"\",\"injury_school\":\"\",\"date_today\":\"3/25/2015\",\"zip\":\"32501\",\"misleading_accreditation_check\":\"true\",\"phone_primary_1\":\"850\",\"misleading_job_assistance\":\"\",\"phone_primary_3\":\"5825\",\"phone_primary_2\":\"723\",\"injury_debt\":\"\",\"injury_opportunity\":\"I owe 51,000 in student loan debt because of Everest. I am unable to receive any more loans at the moment because i am close to tge limit and i am unable to pay on my loans because i do not have a job\",\"misleading_accreditation\":\"\",\"school_state\":\"Florida\",\"misleading_job_other\":\"\",\"school_name_4\":\"Everest  ONLINE - Orlando South\",\"misleading_truecost\":\"\",\"misleading_job_other_check\":\"true\",\"school-close\":\"1\",\"school_name_10\":\"Everest  ONLINE - Orlando South\",\"school_name_11\":\"Everest  ONLINE - Orlando South\",\"school_name_12\":\"Everest  ONLINE - Orlando South\",\"school_name_13\":\"Everest  ONLINE - Orlando South\",\"misleading_job_assistance_1_check\":\"true\",\"credential\":\"0\",\"agreement\":\"true\",\"school_address\":\"9200 Southpark Center Loop, Orlando, FL 32819\",\"attendance_from_year\":\"2010\",\"misleading_job_stats\":\"\",\"misleading_loans_check\":\"true\",\"city\":\"Pensacola\",\"completed\":\"0\",\"state_law\":\"Action under Section 501.201 et seq. of the Florida Statutes, the Florida Deceptive and Unfair Trade Practices Act, which incorporates Federal Trade Commission (FTC) regulations and actions against proprietary higher education institutions. This includes the FTC Act and FTC regulations, including the Guides for Private Vocational and Distance Education Schools, 16 C.F.R. \\u00a7 254.0 et seq. Because the Consumer Financial Protection Bureau (CFPB) also wields the FTC's \\\"unfair and deceptive\\\" power, by extension these provisions should be read to incorporate the CFPB's actions against Corinthian and other for-profit colleges;\",\"phone_alt_2\":\"\",\"misleading_loan_type\":\"\",\"injuty_opportunity_1_check\":\"true\",\"misleading_loans\":\"\",\"misleading_truecost_check\":\"true\",\"school_name_8\":\"Everest  ONLINE - Orlando South\",\"school_name_9\":\"Everest  ONLINE - Orlando South\",\"misleading_quality_other\":\"\",\"misleading_pay_other\":\"\",\"key\":8,\"employed\":\"1\",\"school_name_2\":\"Everest  ONLINE - Orlando South\",\"servicer\":\"Nelnet\",\"program_name\":\"Criminal Investigations\",\"phone_alt_1\":\"\",\"injury_employment_check\":\"true\",\"school_name_7\":\"Everest  ONLINE - Orlando South\",\"school_name\":\"Everest  ONLINE - Orlando South\",\"school_name_5\":\"Everest  ONLINE - Orlando South\",\"injury_debt_check\":\"true\",\"injury_employment\":\"\",\"misleading_grants_check\":\"true\",\"misleading_accreditation_1_check\":\"true\",\"name\":\"Shakita Stokes\",\"attendance_from_month\":\"10\",\"misleading_terms\":\"\",\"misleading_grants\":\"\",\"misleading_job_assistance_check\":\"true\",\"state\":\"Florida\",\"misleading_job_stats_check\":\"true\",\"misleading_quality_other_check\":\"true\",\"phone_alt_3\":\"\",\"misleading_accreditation_2_check\":\"true\",\"attendance_to_year\":\"2014\",\"withdraw\":\"1\",\"signature\":\"Shakita Stokes\",\"misleading_likelihood\":\"\"}"}}, {"pk": 5, "model": "collectives.action", "fields": {"byline": "Students of Corinthian Colleges have declared a debt strike, refusing to pay their loans.", "description": "Students of Corinthian Colleges have declared a debt strike by refusing to pay their federal loans. Click on a striker to read their story.", "image": "/static/img/actionbuttons/DC15_ActionBttn_C15Strike.png", "featured": true, "link": "/studentstrike", "active": true, "slug": "debt-strike", "name": "Corinthian Debt Strike"}}, {"pk": 6, "model": "collectives.action", "fields": {"byline": "The recent settlement between ECMC and CFPB means that Genesis cannot sue you.", "description": "The Debt Collective is advising all Genesis debtors that, due to the recent settlement between ECMC and CFPB, it is ok to stop paying your Genesis loans. Genesis will not sue you. We will support you by assisting you to challenge these debts and by offering legal support to Genesis debtors. ", "image": "/static/img/actionbuttons/DC15_ActionBttn_BurnDebt.png", "featured": false, "link": "", "active": true, "slug": "genesis-stop-payment-campaign", "name": "Genesis Stop Payment Campaign"}}, {"pk": 7, "model": "collectives.action", "fields": {"byline": "Fill out this form to legally dispute your student debt to the Department of Education.", "description": "This is a legal debt dispute of your Corinthian debt. It involves writing legal claims to loan servicers and the Department of Education to demand the cancellation of these debts. \r\n", "image": "/static/img/actionbuttons/DC15_ActionBttn_DOE.png", "featured": false, "link": "/corinthiandtr", "active": true, "slug": "defense-repayment", "name": "Defense to Repayment"}}, {"pk": 8, "model": "collectives.action", "fields": {"byline": "We are prepared to stop paying our student loans in solidarity with Corinthian students.", "description": "We are prepared to stop paying our federal student loans in support of Corinthian students. We did not all attend a Corinthian college. We are current and former students from other schools, public and private, for-proft and non-proft; we are young and old; some of us grew up in low-income families, while others had more privileges and opportunities; we are from everywhere. ", "image": "/static/img/actionbuttons/DC15_ActionBttn_Natasha.png", "featured": true, "link": "/solidaritystrike", "active": true, "slug": "solidarity-strike", "name": "General Student Debt Strike"}}, {"pk": 9, "model": "collectives.action", "fields": {"byline": "If you are a former Corinthian student, you can download forms and get instructions here.", "description": "Corinthian filed for bankruptcy in May 2015. The court ruled that students could form a committee of creditors and file claims against the estate. If you are a former Corinthian student, you can download forms and watch a video with instructions here. The deadline is July 20.", "image": "/static/img/actionbuttons/DC15_ActionBttn_LoanSheetHands.png", "featured": false, "link": "http://www.publiccounsel.org/pages/?id=0097", "active": true, "slug": "bankruptcy-claims", "name": "Bankruptcy Claims"}}, {"pk": 2, "model": "collectives.collective", "fields": {"description": "We are the Corinthian Collective. We believe that all current and former students of Corinthian Colleges (Everest, Heald & Wyotech)  deserve to have their debts cancelled.", "image": "/static/img/collectives/corinthian.png", "actions": [9, 7, 6, 5], "link": "/corinthiansignup", "slug": "corinthian-collective", "name": "Corinthian Collective"}}, {"pk": 3, "model": "collectives.collective", "fields": {"description": "Join the mailing list for Sallie Mae/Navient loan holders and help kick start this collective in 2016.", "image": "/static/img/collectives/salliemae.png", "actions": [8, 7], "link": "/collectives/sallie-maenavient-collective", "slug": "sallie-maenavient-collective", "name": "Sallie Mae/Navient Collective"}}, {"pk": 4, "model": "collectives.collective", "fields": {"description": "A membership organization that leverages collective power by offering debtors a shared platform for organization, advocacy, and direct action. Alone, our debts are a burden; together, they make us powerful.\r\n", "image": "/static/img/collectives/dc.png", "actions": [8, 9, 5, 6, 7], "link": "/", "slug": "debt-collective", "name": "Debt Collective"}}, {"pk": 1, "model": "south.migrationhistory", "fields": {"applied": "2014-10-07T19:48:39.023Z", "app_name": "stories", "migration": "0001_initial"}}, {"pk": 2, "model": "south.migrationhistory", "fields": {"applied": "2014-10-07T19:48:50.026Z", "app_name": "stories", "migration": "0002_auto__add_field_story_created_at"}}, {"pk": 3, "model": "south.migrationhistory", "fields": {"applied": "2015-03-16T03:01:20.397Z", "app_name": "gather", "migration": "0001_initial"}}, {"pk": 4, "model": "south.migrationhistory", "fields": {"applied": "2015-03-16T03:01:30.713Z", "app_name": "gather", "migration": "0002_auto__add_states__add_field_userprofile_state"}}, {"pk": 5, "model": "south.migrationhistory", "fields": {"applied": "2015-03-20T18:17:18.336Z", "app_name": "arcs", "migration": "0001_initial"}}, {"pk": 7, "model": "south.migrationhistory", "fields": {"applied": "2015-07-09T02:29:30.190Z", "app_name": "collectives", "migration": "0001_initial"}}, {"pk": 8, "model": "south.migrationhistory", "fields": {"applied": "2015-07-09T02:29:30.304Z", "app_name": "collectives", "migration": "0002_auto__add_collective__add_useraction__add_action"}}, {"pk": 9, "model": "south.migrationhistory", "fields": {"applied": "2015-07-09T03:16:28.445Z", "app_name": "collectives", "migration": "0003_auto__add_field_collective_slug__add_field_action_slug"}}, {"pk": 10, "model": "south.migrationhistory", "fields": {"applied": "2015-07-09T03:20:23.457Z", "app_name": "collectives", "migration": "0004_auto__add_unique_collective_slug__add_unique_action_slug"}}, {"pk": 11, "model": "south.migrationhistory", "fields": {"applied": "2015-07-09T03:39:53.293Z", "app_name": "collectives", "migration": "0005_auto__add_field_action_link__add_field_action_image"}}, {"pk": 12, "model": "south.migrationhistory", "fields": {"applied": "2015-07-09T03:54:40.843Z", "app_name": "collectives", "migration": "0006_auto__add_field_collective_image"}}, {"pk": 13, "model": "south.migrationhistory", "fields": {"applied": "2015-07-11T01:48:24.958Z", "app_name": "collectives", "migration": "0007_auto__add_collectivemember"}}, {"pk": 14, "model": "south.migrationhistory", "fields": {"applied": "2015-07-11T01:56:01.035Z", "app_name": "collectives", "migration": "0008_auto"}}, {"pk": 15, "model": "south.migrationhistory", "fields": {"applied": "2015-07-11T16:23:42.614Z", "app_name": "collectives", "migration": "0009_auto__add_field_useraction_data"}}, {"pk": 16, "model": "south.migrationhistory", "fields": {"applied": "2015-07-11T19:02:33.968Z", "app_name": "collectives", "migration": "0010_auto__add_field_action_byline"}}, {"pk": 17, "model": "south.migrationhistory", "fields": {"applied": "2015-07-13T03:00:39.851Z", "app_name": "collectives", "migration": "0011_auto__add_field_collective_link"}}, {"pk": 18, "model": "south.migrationhistory", "fields": {"applied": "2015-07-13T03:31:25.002Z", "app_name": "collectives", "migration": "0012_auto__add_field_action_active"}}, {"pk": 19, "model": "south.migrationhistory", "fields": {"applied": "2015-07-17T19:39:57.099Z", "app_name": "collectives", "migration": "0013_auto__add_field_action_featured"}}, {"pk": 1, "model": "auth.permission", "fields": {"codename": "add_logentry", "name": "Can add log entry", "content_type": 1}}, {"pk": 2, "model": "auth.permission", "fields": {"codename": "change_logentry", "name": "Can change log entry", "content_type": 1}}, {"pk": 3, "model": "auth.permission", "fields": {"codename": "delete_logentry", "name": "Can delete log entry", "content_type": 1}}, {"pk": 4, "model": "auth.permission", "fields": {"codename": "add_permission", "name": "Can add permission", "content_type": 2}}, {"pk": 5, "model": "auth.permission", "fields": {"codename": "change_permission", "name": "Can change permission", "content_type": 2}}, {"pk": 6, "model": "auth.permission", "fields": {"codename": "delete_permission", "name": "Can delete permission", "content_type": 2}}, {"pk": 7, "model": "auth.permission", "fields": {"codename": "add_group", "name": "Can add group", "content_type": 3}}, {"pk": 8, "model": "auth.permission", "fields": {"codename": "change_group", "name": "Can change group", "content_type": 3}}, {"pk": 9, "model": "auth.permission", "fields": {"codename": "delete_group", "name": "Can delete group", "content_type": 3}}, {"pk": 10, "model": "auth.permission", "fields": {"codename": "add_user", "name": "Can add user", "content_type": 4}}, {"pk": 11, "model": "auth.permission", "fields": {"codename": "change_user", "name": "Can change user", "content_type": 4}}, {"pk": 12, "model": "auth.permission", "fields": {"codename": "delete_user", "name": "Can delete user", "content_type": 4}}, {"pk": 13, "model": "auth.permission", "fields": {"codename": "add_contenttype", "name": "Can add content type", "content_type": 5}}, {"pk": 14, "model": "auth.permission", "fields": {"codename": "change_contenttype", "name": "Can change content type", "content_type": 5}}, {"pk": 15, "model": "auth.permission", "fields": {"codename": "delete_contenttype", "name": "Can delete content type", "content_type": 5}}, {"pk": 16, "model": "auth.permission", "fields": {"codename": "add_session", "name": "Can add session", "content_type": 6}}, {"pk": 17, "model": "auth.permission", "fields": {"codename": "change_session", "name": "Can change session", "content_type": 6}}, {"pk": 18, "model": "auth.permission", "fields": {"codename": "delete_session", "name": "Can delete session", "content_type": 6}}, {"pk": 19, "model": "auth.permission", "fields": {"codename": "add_point", "name": "Can add point", "content_type": 7}}, {"pk": 20, "model": "auth.permission", "fields": {"codename": "change_point", "name": "Can change point", "content_type": 7}}, {"pk": 21, "model": "auth.permission", "fields": {"codename": "delete_point", "name": "Can delete point", "content_type": 7}}, {"pk": 22, "model": "auth.permission", "fields": {"codename": "add_userprofile", "name": "Can add user profile", "content_type": 8}}, {"pk": 23, "model": "auth.permission", "fields": {"codename": "change_userprofile", "name": "Can change user profile", "content_type": 8}}, {"pk": 24, "model": "auth.permission", "fields": {"codename": "delete_userprofile", "name": "Can delete user profile", "content_type": 8}}, {"pk": 25, "model": "auth.permission", "fields": {"codename": "add_debt", "name": "Can add debt", "content_type": 9}}, {"pk": 26, "model": "auth.permission", "fields": {"codename": "change_debt", "name": "Can change debt", "content_type": 9}}, {"pk": 27, "model": "auth.permission", "fields": {"codename": "delete_debt", "name": "Can delete debt", "content_type": 9}}, {"pk": 28, "model": "auth.permission", "fields": {"codename": "add_migrationhistory", "name": "Can add migration history", "content_type": 10}}, {"pk": 29, "model": "auth.permission", "fields": {"codename": "change_migrationhistory", "name": "Can change migration history", "content_type": 10}}, {"pk": 30, "model": "auth.permission", "fields": {"codename": "delete_migrationhistory", "name": "Can delete migration history", "content_type": 10}}, {"pk": 31, "model": "auth.permission", "fields": {"codename": "add_story", "name": "Can add story", "content_type": 11}}, {"pk": 32, "model": "auth.permission", "fields": {"codename": "change_story", "name": "Can change story", "content_type": 11}}, {"pk": 33, "model": "auth.permission", "fields": {"codename": "delete_story", "name": "Can delete story", "content_type": 11}}, {"pk": 34, "model": "auth.permission", "fields": {"codename": "add_tag", "name": "Can add tag", "content_type": 12}}, {"pk": 35, "model": "auth.permission", "fields": {"codename": "change_tag", "name": "Can change tag", "content_type": 12}}, {"pk": 36, "model": "auth.permission", "fields": {"codename": "delete_tag", "name": "Can delete tag", "content_type": 12}}, {"pk": 37, "model": "auth.permission", "fields": {"codename": "add_category", "name": "Can add category", "content_type": 13}}, {"pk": 38, "model": "auth.permission", "fields": {"codename": "change_category", "name": "Can change category", "content_type": 13}}, {"pk": 39, "model": "auth.permission", "fields": {"codename": "delete_category", "name": "Can delete category", "content_type": 13}}, {"pk": 40, "model": "auth.permission", "fields": {"codename": "add_states", "name": "Can add states", "content_type": 14}}, {"pk": 41, "model": "auth.permission", "fields": {"codename": "change_states", "name": "Can change states", "content_type": 14}}, {"pk": 42, "model": "auth.permission", "fields": {"codename": "delete_states", "name": "Can delete states", "content_type": 14}}, {"pk": 43, "model": "auth.permission", "fields": {"codename": "add_dtruserprofile", "name": "Can add dtr user profile", "content_type": 15}}, {"pk": 44, "model": "auth.permission", "fields": {"codename": "change_dtruserprofile", "name": "Can change dtr user profile", "content_type": 15}}, {"pk": 45, "model": "auth.permission", "fields": {"codename": "delete_dtruserprofile", "name": "Can delete dtr user profile", "content_type": 15}}, {"pk": 46, "model": "auth.permission", "fields": {"codename": "add_action", "name": "Can add action", "content_type": 16}}, {"pk": 47, "model": "auth.permission", "fields": {"codename": "change_action", "name": "Can change action", "content_type": 16}}, {"pk": 48, "model": "auth.permission", "fields": {"codename": "delete_action", "name": "Can delete action", "content_type": 16}}, {"pk": 49, "model": "auth.permission", "fields": {"codename": "add_collective", "name": "Can add collective", "content_type": 17}}, {"pk": 50, "model": "auth.permission", "fields": {"codename": "change_collective", "name": "Can change collective", "content_type": 17}}, {"pk": 51, "model": "auth.permission", "fields": {"codename": "delete_collective", "name": "Can delete collective", "content_type": 17}}, {"pk": 52, "model": "auth.permission", "fields": {"codename": "add_useraction", "name": "Can add user action", "content_type": 18}}, {"pk": 53, "model": "auth.permission", "fields": {"codename": "change_useraction", "name": "Can change user action", "content_type": 18}}, {"pk": 54, "model": "auth.permission", "fields": {"codename": "delete_useraction", "name": "Can delete user action", "content_type": 18}}, {"pk": 55, "model": "auth.permission", "fields": {"codename": "add_collectivemember", "name": "Can add collective member", "content_type": 19}}, {"pk": 56, "model": "auth.permission", "fields": {"codename": "change_collectivemember", "name": "Can change collective member", "content_type": 19}}, {"pk": 57, "model": "auth.permission", "fields": {"codename": "delete_collectivemember", "name": "Can delete collective member", "content_type": 19}}, {"pk": 1, "model": "auth.user", "fields": {"username": "karissa", "first_name": "", "last_name": "", "is_active": true, "is_superuser": true, "is_staff": true, "last_login": "2015-07-14T14:03:37.940Z", "groups": [], "user_permissions": [], "password": "pbkdf2_sha256$12000$hUlXiOyJRt6E$2HzpvTz57DYSxvtwUEuBQOHrQFAM0zhwddgsYR/uNWU=", "email": "krmckelv@gmail.com", "date_joined": "2014-09-29T19:34:42.741Z"}}, {"pk": 2, "model": "auth.user", "fields": {"username": "7fed2675-3352-4967-f047-f3322", "first_name": "", "last_name": "", "is_active": true, "is_superuser": false, "is_staff": false, "last_login": "2015-02-16T08:26:17.628Z", "groups": [], "user_permissions": [], "password": "pbkdf2_sha256$12000$ZsDjM702qrIN$b5HiiPppuPRFc+MgYRM0G8AXGbAYDVyJVTK9r06p3BI=", "email": "", "date_joined": "2015-02-16T08:26:17.628Z"}}, {"pk": 3, "model": "auth.user", "fields": {"username": "6753fbd0-e4ec-4c8f-8a54-ce7dc", "first_name": "", "last_name": "", "is_active": true, "is_superuser": false, "is_staff": false, "last_login": "2015-02-17T05:26:50.903Z", "groups": [], "user_permissions": [], "password": "pbkdf2_sha256$12000$OINMz3Io44iF$2blyN7K9aRg8nlqO/dZwquniVsEXE+o41fllwJg30b4=", "email": "", "date_joined": "2015-02-17T05:26:50.903Z"}}, {"pk": 4, "model": "auth.user", "fields": {"username": "48248458-101f-48ab-e87d-547d5", "first_name": "", "last_name": "", "is_active": true, "is_superuser": false, "is_staff": false, "last_login": "2015-02-17T21:35:58.489Z", "groups": [], "user_permissions": [], "password": "pbkdf2_sha256$12000$XPB2N4eSpf6m$2+cr3hqfG1m6KmJ7FZko3B6E6CbYNrOUAC2gI2XM31E=", "email": "", "date_joined": "2015-02-17T21:35:58.489Z"}}, {"pk": 5, "model": "auth.user", "fields": {"username": "1530a416-0923-4089-eb34-3a5ce", "first_name": "", "last_name": "", "is_active": true, "is_superuser": false, "is_staff": false, "last_login": "2015-02-17T21:40:42.711Z", "groups": [], "user_permissions": [], "password": "pbkdf2_sha256$12000$OdhCnmRRat7o$Fpoas5g1oMeKSzckQjU683mlXP3bnCwav1mMcE2NODg=", "email": "", "date_joined": "2015-02-17T21:40:42.711Z"}}, {"pk": 6, "model": "auth.user", "fields": {"username": "11667074-4efd-4cd0-eb34-60d6a", "first_name": "", "last_name": "", "is_active": true, "is_superuser": false, "is_staff": false, "last_login": "2015-02-17T21:43:07.818Z", "groups": [], "user_permissions": [], "password": "pbkdf2_sha256$12000$ygNUrC8gBxwI$s8HZlO8W9Hl5RD9VF5b0VC/YNFTakWF/b97+uhPunzc=", "email": "", "date_joined": "2015-02-17T21:43:07.818Z"}}, {"pk": 7, "model": "auth.user", "fields": {"username": "80b3b134-b8de-43ac-be6b-bc4ed", "first_name": "", "last_name": "", "is_active": true, "is_superuser": false, "is_staff": false, "last_login": "2015-02-20T20:26:34.908Z", "groups": [], "user_permissions": [], "password": "pbkdf2_sha256$12000$YUywgNcPAYeO$1DJtxw5Jmp6YuDJs8NX9xiycRDQu5g0VcnoPqTktO0I=", "email": "", "date_joined": "2015-02-20T20:26:34.908Z"}}, {"pk": 8, "model": "auth.user", "fields": {"username": "b44a8600-8c2b-41f5-8e93-78fde", "first_name": "", "last_name": "", "is_active": true, "is_superuser": false, "is_staff": false, "last_login": "2015-02-22T23:16:03.658Z", "groups": [], "user_permissions": [], "password": "pbkdf2_sha256$12000$vU7QLcHtIBfc$3IQq0qxHDs/GkkL2INODWy/OVwZEnpcn7BqB02Armjk=", "email": "", "date_joined": "2015-02-22T23:16:03.658Z"}}, {"pk": 9, "model": "auth.user", "fields": {"username": "caf111dc-ce74-4bb2-a62c-fdf96", "first_name": "", "last_name": "", "is_active": true, "is_superuser": false, "is_staff": false, "last_login": "2015-02-22T23:17:19.597Z", "groups": [], "user_permissions": [], "password": "pbkdf2_sha256$12000$enAcfMZqWhgz$TrJVDjQPIpNoDqTr5BD+F3fvFGzzPBcsG/Yn3F3qxRo=", "email": "", "date_joined": "2015-02-22T23:17:19.597Z"}}, {"pk": 10, "model": "auth.user", "fields": {"username": "d05ec9e6-7746-4b4c-ef7a-ab436", "first_name": "", "last_name": "", "is_active": true, "is_superuser": false, "is_staff": false, "last_login": "2015-02-23T07:22:31.622Z", "groups": [], "user_permissions": [], "password": "pbkdf2_sha256$12000$heJlW7oRgR0k$Qz65Cjlm7A/KLU6FV8W7FCh1R5003KshS7sVSgWicj0=", "email": "", "date_joined": "2015-02-23T07:22:31.622Z"}}, {"pk": 11, "model": "auth.user", "fields": {"username": "aadf9914-46d7-4919-8bb5-5da14", "first_name": "", "last_name": "", "is_active": true, "is_superuser": false, "is_staff": false, "last_login": "2015-02-23T18:07:41.422Z", "groups": [], "user_permissions": [], "password": "pbkdf2_sha256$12000$0PlWN4JvuQoK$ec3YwQVwpcUMhm9NIkrb5bf8vl/i/WERssgBp2LCLTE=", "email": "", "date_joined": "2015-02-23T18:07:41.422Z"}}, {"pk": 12, "model": "auth.user", "fields": {"username": "ac5f2b66-aa52-4ea7-bd98-86e91", "first_name": "", "last_name": "", "is_active": true, "is_superuser": false, "is_staff": false, "last_login": "2015-02-23T18:08:54.866Z", "groups": [], "user_permissions": [], "password": "pbkdf2_sha256$12000$lhmkEaLrxmx8$p2fmsE+YfB7NM6N/CdA7G2MSQ2FXHBKxAjjUMCeDSvU=", "email": "", "date_joined": "2015-02-23T18:08:54.866Z"}}, {"pk": 13, "model": "auth.user", "fields": {"username": "fbd873f2-31a0-4928-d951-cea42", "first_name": "", "last_name": "", "is_active": true, "is_superuser": false, "is_staff": false, "last_login": "2015-02-24T08:12:20.918Z", "groups": [], "user_permissions": [], "password": "pbkdf2_sha256$12000$VHQGpHXJULdO$0JMf3bMuo/8DXn4TUrg4aCVUT6D3/4i5drNxgzg2LgA=", "email": "", "date_joined": "2015-02-24T08:12:20.918Z"}}, {"pk": 14, "model": "auth.user", "fields": {"username": "cd0201a7-7ba6-4797-cc8a-89ff7", "first_name": "", "last_name": "", "is_active": true, "is_superuser": false, "is_staff": false, "last_login": "2015-03-05T03:10:21.841Z", "groups": [], "user_permissions": [], "password": "pbkdf2_sha256$12000$xY56pBZpoWtd$UDQQP2c5ad9SevU7HWc/G0HYtxymkrmQUu1ozvQEtUI=", "email": "", "date_joined": "2015-03-05T03:10:21.841Z"}}, {"pk": 15, "model": "auth.user", "fields": {"username": "803f5279-dfe0-425c-f8b8-e345d", "first_name": "", "last_name": "", "is_active": true, "is_superuser": false, "is_staff": false, "last_login": "2015-03-05T04:23:04.977Z", "groups": [], "user_permissions": [], "password": "pbkdf2_sha256$12000$Wx9ExqrHIJeQ$1bacQlmh5/YWYEhPharzgA3cOvrbDUa7K3uTDxZj1xs=", "email": "", "date_joined": "2015-03-05T04:23:04.977Z"}}, {"pk": 16, "model": "auth.user", "fields": {"username": "bae179f4-b233-405f-8910-50dd8", "first_name": "", "last_name": "", "is_active": true, "is_superuser": false, "is_staff": false, "last_login": "2015-03-05T04:23:24.939Z", "groups": [], "user_permissions": [], "password": "pbkdf2_sha256$12000$eucaqlkat8su$vJrA2KfPmscgANV7B8FT0It7+Ebb/YHkp6nmdqqpjMo=", "email": "", "date_joined": "2015-03-05T04:23:24.939Z"}}, {"pk": 17, "model": "auth.user", "fields": {"username": "3c8f4793-c030-439d-c4ed-4d34e", "first_name": "", "last_name": "", "is_active": true, "is_superuser": false, "is_staff": false, "last_login": "2015-03-05T04:24:06.622Z", "groups": [], "user_permissions": [], "password": "pbkdf2_sha256$12000$1sClySg0SWd8$7uvVVTIZZzK1RQ4wopnMTKIPXyP+nR8zyaWBy1QslCw=", "email": "", "date_joined": "2015-03-05T04:24:06.622Z"}}, {"pk": 18, "model": "auth.user", "fields": {"username": "1b9f3850-30b6-47e3-9ec3-f14b8", "first_name": "", "last_name": "", "is_active": true, "is_superuser": false, "is_staff": false, "last_login": "2015-03-05T04:24:43.832Z", "groups": [], "user_permissions": [], "password": "pbkdf2_sha256$12000$WLsDJ5AcAh21$Pjl8ifuVALXODLdZ+QDpJ0cKREBeiDeF3pW9FRZxKOs=", "email": "", "date_joined": "2015-03-05T04:24:43.832Z"}}, {"pk": 19, "model": "auth.user", "fields": {"username": "91fa1c54-d9dc-4ea7-d10e-b5941", "first_name": "", "last_name": "", "is_active": true, "is_superuser": false, "is_staff": false, "last_login": "2015-03-05T04:38:05.620Z", "groups": [], "user_permissions": [], "password": "pbkdf2_sha256$12000$irJfGGMKCQgz$GgZ27btKKZhimp6prekkwaNSGY2nVwZKardf9EqYVEs=", "email": "", "date_joined": "2015-03-05T04:38:05.620Z"}}, {"pk": 20, "model": "auth.user", "fields": {"username": "155ab79e-75c0-4854-8877-676db", "first_name": "", "last_name": "", "is_active": true, "is_superuser": false, "is_staff": false, "last_login": "2015-03-05T04:38:34.114Z", "groups": [], "user_permissions": [], "password": "pbkdf2_sha256$12000$yxmjhRMJ3c9h$dLXF60RB4DVypq8ZHs8sfeQmSudghK3My0WWZDsrrWc=", "email": "", "date_joined": "2015-03-05T04:38:34.114Z"}}, {"pk": 21, "model": "auth.user", "fields": {"username": "d04d1fd8-53c9-4a2f-ff7b-36ce2", "first_name": "", "last_name": "", "is_active": true, "is_superuser": false, "is_staff": false, "last_login": "2015-03-05T04:39:08.038Z", "groups": [], "user_permissions": [], "password": "pbkdf2_sha256$12000$dVISQr5PKXGQ$kxj+MVu9aRIwVZx7mLFJqcHPis5CorKFnzgDtL0T1+E=", "email": "", "date_joined": "2015-03-05T04:39:08.038Z"}}, {"pk": 22, "model": "auth.user", "fields": {"username": "d13dfdb1-b617-44d1-cf55-d3ada", "first_name": "", "last_name": "", "is_active": true, "is_superuser": false, "is_staff": false, "last_login": "2015-03-05T04:39:44.556Z", "groups": [], "user_permissions": [], "password": "pbkdf2_sha256$12000$SoApUKugWoOs$Xs+e2MPH5TMt4Iuch742wU2mEEjYiI7+zTgFZh1qzOU=", "email": "", "date_joined": "2015-03-05T04:39:44.556Z"}}, {"pk": 23, "model": "auth.user", "fields": {"username": "0fcaa0c4-088b-4ecd-b5d0-226cc", "first_name": "", "last_name": "", "is_active": true, "is_superuser": false, "is_staff": false, "last_login": "2015-03-05T04:40:46.768Z", "groups": [], "user_permissions": [], "password": "pbkdf2_sha256$12000$FtUfpeZs5gum$pZroEB8enTPu8hec597jiHDov/EKCc8oj1wtBtCf3jo=", "email": "", "date_joined": "2015-03-05T04:40:46.768Z"}}, {"pk": 24, "model": "auth.user", "fields": {"username": "b609f4a4-e220-4a9c-d042-0299e", "first_name": "", "last_name": "", "is_active": true, "is_superuser": false, "is_staff": false, "last_login": "2015-03-05T04:41:29.817Z", "groups": [], "user_permissions": [], "password": "pbkdf2_sha256$12000$IIew812QpscJ$TxHGbx5gUWzVI6q9gsBkBbwgnw+zxm6aD5ETgh88eLg=", "email": "", "date_joined": "2015-03-05T04:41:29.817Z"}}, {"pk": 25, "model": "auth.user", "fields": {"username": "58398204-0e0f-418b-f5fd-7c584", "first_name": "", "last_name": "", "is_active": true, "is_superuser": false, "is_staff": false, "last_login": "2015-03-05T04:42:07.131Z", "groups": [], "user_permissions": [], "password": "pbkdf2_sha256$12000$13pkCEu6wm2c$5Vf/Qw5aytIFYQhjKzy0azwN3mOOK4v7pAERSBAf0E0=", "email": "", "date_joined": "2015-03-05T04:42:07.131Z"}}, {"pk": 26, "model": "auth.user", "fields": {"username": "b0536ac2-8bcd-48e3-a5df-9850e", "first_name": "", "last_name": "", "is_active": true, "is_superuser": false, "is_staff": false, "last_login": "2015-03-05T04:43:15.260Z", "groups": [], "user_permissions": [], "password": "pbkdf2_sha256$12000$MnWIlRoUaxBV$HzHqAFS4aobYKZ6SsBtjTxOOgPeQBbhkdJBBxM4W7AE=", "email": "", "date_joined": "2015-03-05T04:43:15.260Z"}}, {"pk": 27, "model": "auth.user", "fields": {"username": "65ee2156-49bf-4604-b693-399c1", "first_name": "", "last_name": "", "is_active": true, "is_superuser": false, "is_staff": false, "last_login": "2015-03-05T04:58:54.501Z", "groups": [], "user_permissions": [], "password": "pbkdf2_sha256$12000$gmzVDOypY279$Um+tzSS4Z6IC8RzwTo4RgbkpGhT3gDZ8+1FQ7C0oXtc=", "email": "", "date_joined": "2015-03-05T04:58:54.501Z"}}, {"pk": 28, "model": "auth.user", "fields": {"username": "970e9385-a0b7-4132-a2a7-46952", "first_name": "", "last_name": "", "is_active": true, "is_superuser": false, "is_staff": false, "last_login": "2015-03-05T05:04:59.200Z", "groups": [], "user_permissions": [], "password": "pbkdf2_sha256$12000$cSfSfYFWO9tU$vxZlQV5He1g9KtrVaDG66I5YKRYnpwA2Tk1QGsjUeS4=", "email": "", "date_joined": "2015-03-05T05:04:59.200Z"}}, {"pk": 29, "model": "auth.user", "fields": {"username": "ff3613dc-aa9d-4fec-f496-c4a34", "first_name": "", "last_name": "", "is_active": true, "is_superuser": false, "is_staff": false, "last_login": "2015-03-05T05:05:34.242Z", "groups": [], "user_permissions": [], "password": "pbkdf2_sha256$12000$ePZr8s7YCUKf$wrBRr4Fs3KXicyR9dmPaQ96Un4Ms21ie9VF8k1BI2sU=", "email": "", "date_joined": "2015-03-05T05:05:34.242Z"}}, {"pk": 30, "model": "auth.user", "fields": {"username": "4fd6111f-1969-4e5b-b9f6-2e45c", "first_name": "", "last_name": "", "is_active": true, "is_superuser": false, "is_staff": false, "last_login": "2015-03-05T05:08:13.990Z", "groups": [], "user_permissions": [], "password": "pbkdf2_sha256$12000$OojtjJkbxZvQ$Yu4zvKDbva+geKpNW/MrILe7SZJ9Ia4Pz1KBO8S3uX8=", "email": "", "date_joined": "2015-03-05T05:08:13.990Z"}}, {"pk": 31, "model": "auth.user", "fields": {"username": "52ca7df2-c832-4cb6-e7e3-050e0", "first_name": "", "last_name": "", "is_active": true, "is_superuser": false, "is_staff": false, "last_login": "2015-03-05T05:09:11.377Z", "groups": [], "user_permissions": [], "password": "pbkdf2_sha256$12000$EfpHuwTvXnzF$XBaK+cL3Xwwp1bfI4I3dlWN/Bl+o57taFT0RViVhoWI=", "email": "", "date_joined": "2015-03-05T05:09:11.377Z"}}, {"pk": 32, "model": "auth.user", "fields": {"username": "c059ac9f-0114-44fd-c6f6-03761", "first_name": "", "last_name": "", "is_active": true, "is_superuser": false, "is_staff": false, "last_login": "2015-03-05T05:10:24.660Z", "groups": [], "user_permissions": [], "password": "pbkdf2_sha256$12000$d1pM6JfhMJKA$CtzGuSprCqkHQsNoob77MDhmBqOA/YZDOFQCuO881xc=", "email": "", "date_joined": "2015-03-05T05:10:24.660Z"}}, {"pk": 33, "model": "auth.user", "fields": {"username": "9193504c-175e-4501-dd47-081f2", "first_name": "", "last_name": "", "is_active": true, "is_superuser": false, "is_staff": false, "last_login": "2015-03-05T05:11:28.194Z", "groups": [], "user_permissions": [], "password": "pbkdf2_sha256$12000$iu26s2NfAUjn$HBNJU33E+crQ1VB8Otp3YDFn2N8FJMrLvxATgwTFGuA=", "email": "", "date_joined": "2015-03-05T05:11:28.194Z"}}, {"pk": 34, "model": "auth.user", "fields": {"username": "f6389d4c-1914-449a-c1c7-19ef0", "first_name": "", "last_name": "", "is_active": true, "is_superuser": false, "is_staff": false, "last_login": "2015-03-05T05:16:24.238Z", "groups": [], "user_permissions": [], "password": "pbkdf2_sha256$12000$4CqxgwTasPVa$bdav2hCLPN6ccvqXiI4/jBQSqxiaNOb/TyaZMvmUvII=", "email": "", "date_joined": "2015-03-05T05:16:24.238Z"}}, {"pk": 35, "model": "auth.user", "fields": {"username": "d43a6ad4-b315-45e2-af3f-c14ea", "first_name": "", "last_name": "", "is_active": true, "is_superuser": false, "is_staff": false, "last_login": "2015-03-05T06:07:56.935Z", "groups": [], "user_permissions": [], "password": "pbkdf2_sha256$12000$fis85iqBxtWc$tvguGCJn25bA1NZKB7zcJ5XNbKZi4vawJn+toeymIK4=", "email": "", "date_joined": "2015-03-05T06:07:56.935Z"}}, {"pk": 36, "model": "auth.user", "fields": {"username": "bd72a202-b944-4edd-b51b-42787", "first_name": "", "last_name": "", "is_active": true, "is_superuser": false, "is_staff": false, "last_login": "2015-03-05T06:09:44.733Z", "groups": [], "user_permissions": [], "password": "pbkdf2_sha256$12000$1HZSZje7TfwV$1uMYrd2KJczOkJeHkgHzkjnJ6eqje177a/wWaVWsjV0=", "email": "", "date_joined": "2015-03-05T06:09:44.733Z"}}, {"pk": 37, "model": "auth.user", "fields": {"username": "ccbfa06c-b1f6-4bf1-8498-deed0", "first_name": "", "last_name": "", "is_active": true, "is_superuser": false, "is_staff": false, "last_login": "2015-03-05T06:12:09.505Z", "groups": [], "user_permissions": [], "password": "pbkdf2_sha256$12000$cUMk9fe5SDkJ$Ek674ZqGD41HyKMKiA6JcTQQkNQMbMiWRDPFvgTUlyE=", "email": "", "date_joined": "2015-03-05T06:12:09.505Z"}}, {"pk": 38, "model": "auth.user", "fields": {"username": "c865ac7e-298b-4f79-a928-0c111", "first_name": "", "last_name": "", "is_active": true, "is_superuser": false, "is_staff": false, "last_login": "2015-03-24T00:37:45.823Z", "groups": [], "user_permissions": [], "password": "pbkdf2_sha256$12000$uYQB0fUGxtud$4aMoZIqsP4n3+4VLZtnSbW6XGDEw/1+DCLRh8MhgTsA=", "email": "", "date_joined": "2015-03-24T00:37:45.823Z"}}, {"pk": 39, "model": "auth.user", "fields": {"username": "e11c4542-21a0-4605-a47b-07f2a", "first_name": "", "last_name": "", "is_active": true, "is_superuser": false, "is_staff": false, "last_login": "2015-03-24T00:47:58.424Z", "groups": [], "user_permissions": [], "password": "pbkdf2_sha256$12000$Rn4YGH55y1PS$tLLgfMYgZkbPBvf7OntG+s2vn68ITtdzVXWY46zeSKI=", "email": "", "date_joined": "2015-03-24T00:47:58.424Z"}}, {"pk": 40, "model": "auth.user", "fields": {"username": "a06ef6ee-7395-497c-a372-2629c", "first_name": "", "last_name": "", "is_active": true, "is_superuser": false, "is_staff": false, "last_login": "2015-03-24T00:50:14.482Z", "groups": [], "user_permissions": [], "password": "pbkdf2_sha256$12000$wEfNetTHz5NO$fJf92u7kTlJrIBRSgcx+/Xbk7If9qDO08CbKV8PYi80=", "email": "", "date_joined": "2015-03-24T00:50:14.482Z"}}, {"pk": 41, "model": "auth.user", "fields": {"username": "35cf4af6-3449-44cd-d525-a4978", "first_name": "", "last_name": "", "is_active": true, "is_superuser": false, "is_staff": false, "last_login": "2015-03-24T00:52:25.308Z", "groups": [], "user_permissions": [], "password": "pbkdf2_sha256$12000$7w7T6ecKtAs1$V1q0v9cjQE7P5cYtBfIQtQVlkatn9QOpowiepItYoLQ=", "email": "", "date_joined": "2015-03-24T00:52:25.308Z"}}, {"pk": 42, "model": "auth.user", "fields": {"username": "0f0ac18e-08f5-42cd-a83d-a4031", "first_name": "", "last_name": "", "is_active": true, "is_superuser": false, "is_staff": false, "last_login": "2015-03-27T17:26:04.204Z", "groups": [], "user_permissions": [], "password": "pbkdf2_sha256$12000$wmgEwlu92HAE$vpY4Qj9g1WbzkC9CXn/4K9mTPaUwoX/XysrYsIQJWFQ=", "email": "", "date_joined": "2015-03-27T17:26:04.204Z"}}, {"pk": 43, "model": "auth.user", "fields": {"username": "b1d195b3-b763-4d72-9ddd-9f18a", "first_name": "", "last_name": "", "is_active": true, "is_superuser": false, "is_staff": false, "last_login": "2015-03-27T17:27:31.037Z", "groups": [], "user_permissions": [], "password": "pbkdf2_sha256$12000$QJvxLueJXlYo$JaiDRaZFApjlLbs8sOUx4qSUSq9eB/G0fKRrwiUxAoU=", "email": "", "date_joined": "2015-03-27T17:27:31.037Z"}}, {"pk": 44, "model": "auth.user", "fields": {"username": "13edf7da-2308-494f-8c9d-fe859", "first_name": "", "last_name": "", "is_active": true, "is_superuser": false, "is_staff": false, "last_login": "2015-04-02T18:33:55.580Z", "groups": [], "user_permissions": [], "password": "pbkdf2_sha256$12000$tq3Vg4TpNsFG$1GnFLUEkhrD8XB82teVkoaJ/Moga/IvIUpt8gGKqGSY=", "email": "", "date_joined": "2015-04-02T18:33:55.580Z"}}, {"pk": 45, "model": "auth.user", "fields": {"username": "c78bbedf-dc49-460b-935d-ff5b0", "first_name": "", "last_name": "", "is_active": true, "is_superuser": false, "is_staff": false, "last_login": "2015-04-08T18:32:59.081Z", "groups": [], "user_permissions": [], "password": "pbkdf2_sha256$12000$JIywzcCLrhsS$NKPDUdfyFXlU5S/3cRgAAco/cjmcKv7ZDcYmbrD9iLQ=", "email": "", "date_joined": "2015-04-08T18:32:59.081Z"}}, {"pk": 46, "model": "auth.user", "fields": {"username": "3726ac77-036f-458d-c99a-1ed69", "first_name": "", "last_name": "", "is_active": true, "is_superuser": false, "is_staff": false, "last_login": "2015-05-04T04:15:43.716Z", "groups": [], "user_permissions": [], "password": "pbkdf2_sha256$12000$KbCSuK1oStpl$JepP+6nsLqAlXlf8UVBss35P9V1/MXZ7MiXN5Cf5yYw=", "email": "", "date_joined": "2015-05-04T04:15:43.716Z"}}, {"pk": 47, "model": "auth.user", "fields": {"username": "53377ee7-8ac5-46ff-c956-68772", "first_name": "", "last_name": "", "is_active": true, "is_superuser": false, "is_staff": false, "last_login": "2015-07-01T07:38:49.759Z", "groups": [], "user_permissions": [], "password": "pbkdf2_sha256$12000$iV1aFcSbTYSX$u36XDY+Nzv9izHhZqdl0WYfvz1d/Qm4hGcXHerWimFs=", "email": "", "date_joined": "2015-07-01T07:38:49.759Z"}}, {"pk": 48, "model": "auth.user", "fields": {"username": "13f6bcb6-4494-4683-b43e-f4ec1", "first_name": "", "last_name": "", "is_active": true, "is_superuser": false, "is_staff": false, "last_login": "2015-07-01T07:39:05.532Z", "groups": [], "user_permissions": [], "password": "pbkdf2_sha256$12000$lTFy7Bmh9nke$G/rqPIu9sboCvZ+WXYq3ILu+LzdVGsRw4KRRRh39Kfw=", "email": "", "date_joined": "2015-07-01T07:39:05.532Z"}}, {"pk": 49, "model": "auth.user", "fields": {"username": "3b243b57-9a97-489e-a63b-76bdc", "first_name": "", "last_name": "", "is_active": true, "is_superuser": false, "is_staff": false, "last_login": "2015-07-01T07:40:52.169Z", "groups": [], "user_permissions": [], "password": "pbkdf2_sha256$12000$zUmSAeAiwmIK$bjec7zynQMtsRtoMVgCUskZ/ZF93z4/f04+y/6X1C58=", "email": "", "date_joined": "2015-07-01T07:40:52.169Z"}}, {"pk": 50, "model": "auth.user", "fields": {"username": "8d5ba72f-b0e8-4d82-ca76-1a890", "first_name": "", "last_name": "", "is_active": true, "is_superuser": false, "is_staff": false, "last_login": "2015-07-01T07:45:44.203Z", "groups": [], "user_permissions": [], "password": "pbkdf2_sha256$12000$FhU3Bz9YPZUb$vcJdhHa0jB+Oumr4LSLdVrvkrVA2BDNUH8GMb56yspE=", "email": "", "date_joined": "2015-07-01T07:45:44.203Z"}}, {"pk": 51, "model": "auth.user", "fields": {"username": "e7bf1c73-416c-42a3-e1bb-7f2da", "first_name": "", "last_name": "", "is_active": true, "is_superuser": false, "is_staff": false, "last_login": "2015-07-01T07:49:14.123Z", "groups": [], "user_permissions": [], "password": "pbkdf2_sha256$12000$BZ09rwwshcLq$xQ5bXFKvolPHgmpurQPChGj4JYFTILHqmTdulJ3RuyA=", "email": "", "date_joined": "2015-07-01T07:49:14.123Z"}}, {"pk": 52, "model": "auth.user", "fields": {"username": "1a1baa2f-c81a-43d6-ae22-f2eaa", "first_name": "", "last_name": "", "is_active": true, "is_superuser": false, "is_staff": false, "last_login": "2015-07-01T08:03:10.802Z", "groups": [], "user_permissions": [], "password": "pbkdf2_sha256$12000$hm1qnuJ95VeW$qVi1vGnViou1RofQ//93lqsbq/rx6PpB4uvu9/UBvNw=", "email": "", "date_joined": "2015-07-01T08:03:10.802Z"}}, {"pk": 53, "model": "auth.user", "fields": {"username": "angetran", "first_name": "", "last_name": "", "is_active": true, "is_superuser": false, "is_staff": false, "last_login": "2015-07-09T02:51:38.489Z", "groups": [], "user_permissions": [], "password": "pbkdf2_sha256$12000$LkEMU6FQXe5E$Zs3tcHQVhVQnGMU6vjC/rGEkSsHoB8WNpOsbzhaXSLE=", "email": "", "date_joined": "2015-07-09T02:51:38.490Z"}}, {"pk": 54, "model": "auth.user", "fields": {"username": "241da238-0781-409e-c9cc-d9197", "first_name": "", "last_name": "", "is_active": true, "is_superuser": false, "is_staff": false, "last_login": "2015-07-10T20:50:33.165Z", "groups": [], "user_permissions": [], "password": "pbkdf2_sha256$12000$NhgQtM9d4IoF$hQZM8XZlxgDgAVdkrBwVUWSwExf8o5A+6cPyza3OTA8=", "email": "", "date_joined": "2015-07-10T20:50:33.165Z"}}, {"pk": 55, "model": "auth.user", "fields": {"username": "7a4cf5a8-72b2-412a-b08b-3a14f", "first_name": "", "last_name": "", "is_active": true, "is_superuser": false, "is_staff": false, "last_login": "2015-07-12T20:11:56.307Z", "groups": [], "user_permissions": [], "password": "pbkdf2_sha256$12000$X4OJrelJgg0t$6X8rQzJh+1hyu0IrV1rM/oSw/Orfa+KshN7sqGbEVvE=", "email": "", "date_joined": "2015-07-12T20:11:56.307Z"}}, {"pk": 56, "model": "auth.user", "fields": {"username": "96524036-14f0-4a98-ffbd-428cf", "first_name": "", "last_name": "", "is_active": true, "is_superuser": false, "is_staff": false, "last_login": "2015-07-13T01:55:20.268Z", "groups": [], "user_permissions": [], "password": "pbkdf2_sha256$12000$olQ5KPiB87RX$C07DnneUPmEqirzvptMRQUK3bqdN485ErTBCueMKFQc=", "email": "krmckelv@gmail.com", "date_joined": "2015-07-13T01:55:20.268Z"}}, {"pk": 57, "model": "auth.user", "fields": {"username": "a9c16455-2477-414a-f557-34c4c", "first_name": "", "last_name": "", "is_active": true, "is_superuser": false, "is_staff": false, "last_login": "2015-07-13T01:55:46.633Z", "groups": [], "user_permissions": [], "password": "pbkdf2_sha256$12000$FVnAaOSUsRVm$9tr+v2C8+Hko+pPwMzVhYOUs1VRcolt80TcHA+1GJ1I=", "email": "krmckelv@gmail.com", "date_joined": "2015-07-13T01:55:46.633Z"}}, {"pk": 58, "model": "auth.user", "fields": {"username": "e8747aff-c9d8-40d0-e2d4-76315", "first_name": "", "last_name": "", "is_active": true, "is_superuser": false, "is_staff": false, "last_login": "2015-07-13T01:57:04.866Z", "groups": [], "user_permissions": [], "password": "pbkdf2_sha256$12000$usyFwkCW3wWF$T7oAC/8ME0Oa9LvApZllCK72glYomJrpqywdpHZzm3A=", "email": "krmckelv@gmail.com", "date_joined": "2015-07-13T01:57:04.866Z"}}, {"pk": 59, "model": "auth.user", "fields": {"username": "d308c3fd-bcce-4f31-db88-2032e", "first_name": "", "last_name": "", "is_active": true, "is_superuser": false, "is_staff": false, "last_login": "2015-07-13T04:31:06.722Z", "groups": [], "user_permissions": [], "password": "pbkdf2_sha256$12000$ldupshKyudUz$XkCxGwwohWz+Jmj330tuMzDQBgGzvjBMOR/24m+zYYg=", "email": "krmckelv@gmail.com", "date_joined": "2015-07-13T01:58:42.739Z"}}, {"pk": 60, "model": "auth.user", "fields": {"username": "d38bb2a7-b0ac-42dc-acb8-7085e", "first_name": "", "last_name": "", "is_active": true, "is_superuser": false, "is_staff": false, "last_login": "2015-07-13T02:01:21.831Z", "groups": [], "user_permissions": [], "password": "pbkdf2_sha256$12000$xD5qSspNZ77o$hhmqZXAEjqqhOX14ZMqHR7NqwHRkK+YusR1HMlGSnt0=", "email": "krmckelv@gmail.com", "date_joined": "2015-07-13T02:01:21.831Z"}}, {"pk": 61, "model": "auth.user", "fields": {"username": "df85b00c-3ea7-4f22-eb3e-7a73a", "first_name": "", "last_name": "", "is_active": true, "is_superuser": false, "is_staff": false, "last_login": "2015-07-13T04:24:59.079Z", "groups": [], "user_permissions": [], "password": "pbkdf2_sha256$12000$UEEupFp3h4VS$Rsyn/fB1KKOIo5WVgqcaYlJ6ECZ/J7FTcIf/JHmiRhM=", "email": "krmckelv@gmail.com", "date_joined": "2015-07-13T04:24:59.079Z"}}, {"pk": 1, "model": "gather.userprofile", "fields": {"created_at": "2015-02-16T08:26:17.796Z", "user": 2, "point": 52}}, {"pk": 2, "model": "gather.userprofile", "fields": {"created_at": "2015-02-17T05:26:51.114Z", "user": 3, "point": 52}}, {"pk": 3, "model": "gather.userprofile", "fields": {"created_at": "2015-02-17T21:35:58.652Z", "user": 4, "point": 52}}, {"pk": 4, "model": "gather.userprofile", "fields": {"created_at": "2015-02-17T21:40:42.887Z", "user": 5, "point": 52}}, {"pk": 5, "model": "gather.userprofile", "fields": {"created_at": "2015-02-17T21:43:07.959Z", "user": 6, "point": 52}}, {"pk": 6, "model": "gather.userprofile", "fields": {"created_at": "2015-02-20T20:26:35.217Z", "user": 7, "point": 52}}, {"pk": 7, "model": "gather.userprofile", "fields": {"created_at": "2015-02-22T23:16:03.835Z", "user": 8, "point": 52}}, {"pk": 8, "model": "gather.userprofile", "fields": {"created_at": "2015-02-22T23:17:19.732Z", "user": 9, "point": 2}}, {"pk": 9, "model": "gather.userprofile", "fields": {"created_at": "2015-02-23T07:22:31.832Z", "user": 10, "point": 52}}, {"pk": 10, "model": "gather.userprofile", "fields": {"created_at": "2015-02-23T18:07:41.580Z", "user": 11, "point": 4}}, {"pk": 11, "model": "gather.userprofile", "fields": {"created_at": "2015-02-23T18:08:55.007Z", "user": 12, "point": 52}}, {"pk": 12, "model": "gather.userprofile", "fields": {"created_at": "2015-02-24T08:12:21.128Z", "user": 13, "point": 52}}, {"pk": 13, "model": "gather.userprofile", "fields": {"created_at": "2015-03-05T03:10:22.013Z", "user": 14, "point": 52}}, {"pk": 14, "model": "gather.userprofile", "fields": {"created_at": "2015-03-05T04:23:05.156Z", "user": 15, "point": null}}, {"pk": 15, "model": "gather.userprofile", "fields": {"created_at": "2015-03-05T04:23:25.077Z", "user": 16, "point": null}}, {"pk": 16, "model": "gather.userprofile", "fields": {"created_at": "2015-03-05T04:24:06.736Z", "user": 17, "point": null}}, {"pk": 17, "model": "gather.userprofile", "fields": {"created_at": "2015-03-05T04:24:43.946Z", "user": 18, "point": null}}, {"pk": 18, "model": "gather.userprofile", "fields": {"created_at": "2015-03-05T04:38:05.846Z", "user": 19, "point": null}}, {"pk": 19, "model": "gather.userprofile", "fields": {"created_at": "2015-03-05T04:38:34.249Z", "user": 20, "point": null}}, {"pk": 20, "model": "gather.userprofile", "fields": {"created_at": "2015-03-05T04:39:08.181Z", "user": 21, "point": null}}, {"pk": 21, "model": "gather.userprofile", "fields": {"created_at": "2015-03-05T04:39:44.691Z", "user": 22, "point": null}}, {"pk": 22, "model": "gather.userprofile", "fields": {"created_at": "2015-03-05T04:40:46.938Z", "user": 23, "point": null}}, {"pk": 23, "model": "gather.userprofile", "fields": {"created_at": "2015-03-05T04:41:29.963Z", "user": 24, "point": null}}, {"pk": 24, "model": "gather.userprofile", "fields": {"created_at": "2015-03-05T04:42:07.268Z", "user": 25, "point": null}}, {"pk": 25, "model": "gather.userprofile", "fields": {"created_at": "2015-03-05T04:43:15.418Z", "user": 26, "point": null}}, {"pk": 26, "model": "gather.userprofile", "fields": {"created_at": "2015-03-05T04:58:54.647Z", "user": 27, "point": null}}, {"pk": 27, "model": "gather.userprofile", "fields": {"created_at": "2015-03-05T05:04:59.418Z", "user": 28, "point": null}}, {"pk": 28, "model": "gather.userprofile", "fields": {"created_at": "2015-03-05T05:05:34.369Z", "user": 29, "point": null}}, {"pk": 29, "model": "gather.userprofile", "fields": {"created_at": "2015-03-05T05:08:14.143Z", "user": 30, "point": null}}, {"pk": 30, "model": "gather.userprofile", "fields": {"created_at": "2015-03-05T05:09:11.499Z", "user": 31, "point": null}}, {"pk": 31, "model": "gather.userprofile", "fields": {"created_at": "2015-03-05T05:10:24.799Z", "user": 32, "point": null}}, {"pk": 32, "model": "gather.userprofile", "fields": {"created_at": "2015-03-05T05:11:28.332Z", "user": 33, "point": null}}, {"pk": 33, "model": "gather.userprofile", "fields": {"created_at": "2015-03-05T05:16:24.437Z", "user": 34, "point": null}}, {"pk": 34, "model": "gather.userprofile", "fields": {"created_at": "2015-03-05T06:07:57.115Z", "user": 35, "point": null}}, {"pk": 35, "model": "gather.userprofile", "fields": {"created_at": "2015-03-05T06:09:44.918Z", "user": 36, "point": null}}, {"pk": 36, "model": "gather.userprofile", "fields": {"created_at": "2015-03-05T06:12:09.625Z", "user": 37, "point": null}}, {"pk": 37, "model": "gather.userprofile", "fields": {"created_at": "2015-03-24T00:37:45.956Z", "user": 38, "point": 34}}, {"pk": 38, "model": "gather.userprofile", "fields": {"created_at": "2015-03-24T00:47:58.609Z", "user": 39, "point": 53}}, {"pk": 39, "model": "gather.userprofile", "fields": {"created_at": "2015-03-24T00:50:14.619Z", "user": 40, "point": 34}}, {"pk": 40, "model": "gather.userprofile", "fields": {"created_at": "2015-03-24T00:52:25.438Z", "user": 41, "point": 52}}, {"pk": 41, "model": "gather.userprofile", "fields": {"created_at": "2015-03-27T17:26:04.389Z", "user": 42, "point": null}}, {"pk": 42, "model": "gather.userprofile", "fields": {"created_at": "2015-03-27T17:27:31.160Z", "user": 43, "point": null}}, {"pk": 43, "model": "gather.userprofile", "fields": {"created_at": "2015-04-02T18:33:55.707Z", "user": 44, "point": null}}, {"pk": 44, "model": "gather.userprofile", "fields": {"created_at": "2015-04-08T18:32:59.313Z", "user": 45, "point": 52}}, {"pk": 45, "model": "gather.userprofile", "fields": {"created_at": "2015-05-04T04:15:43.885Z", "user": 46, "point": null}}, {"pk": 46, "model": "gather.userprofile", "fields": {"created_at": "2015-07-01T07:38:49.900Z", "user": 47, "point": 52}}, {"pk": 47, "model": "gather.userprofile", "fields": {"created_at": "2015-07-01T07:39:05.639Z", "user": 48, "point": 38}}, {"pk": 48, "model": "gather.userprofile", "fields": {"created_at": "2015-07-01T07:40:52.274Z", "user": 49, "point": 38}}, {"pk": 49, "model": "gather.userprofile", "fields": {"created_at": "2015-07-01T07:45:44.320Z", "user": 50, "point": 52}}, {"pk": 50, "model": "gather.userprofile", "fields": {"created_at": "2015-07-01T07:49:14.243Z", "user": 51, "point": 53}}, {"pk": 51, "model": "gather.userprofile", "fields": {"created_at": "2015-07-01T08:03:10.939Z", "user": 52, "point": 38}}, {"pk": 52, "model": "gather.userprofile", "fields": {"created_at": "2015-07-10T20:50:33.319Z", "user": 54, "point": 53}}, {"pk": 53, "model": "gather.userprofile", "fields": {"created_at": "2015-07-12T20:11:56.463Z", "user": 55, "point": 52}}, {"pk": 54, "model": "gather.userprofile", "fields": {"created_at": "2015-07-13T01:55:20.409Z", "user": 56, "point": 52}}, {"pk": 55, "model": "gather.userprofile", "fields": {"created_at": "2015-07-13T01:55:46.743Z", "user": 57, "point": 52}}, {"pk": 56, "model": "gather.userprofile", "fields": {"created_at": "2015-07-13T01:57:04.972Z", "user": 58, "point": 34}}, {"pk": 57, "model": "gather.userprofile", "fields": {"created_at": "2015-07-13T01:58:42.853Z", "user": 59, "point": 52}}, {"pk": 58, "model": "gather.userprofile", "fields": {"created_at": "2015-07-13T02:01:21.949Z", "user": 60, "point": 52}}, {"pk": 59, "model": "gather.userprofile", "fields": {"created_at": "2015-07-13T04:24:59.238Z", "user": 61, "point": 52}}, {"pk": 1, "model": "gather.debt", "fields": {"amount": 80000, "user": 2, "kind": "student", "last_payment": null}}, {"pk": 2, "model": "gather.debt", "fields": {"amount": 80000, "user": 3, "kind": "student", "last_payment": null}}, {"pk": 3, "model": "gather.debt", "fields": {"amount": 80000, "user": 4, "kind": "student", "last_payment": null}}, {"pk": 4, "model": "gather.debt", "fields": {"amount": 80000, "user": 5, "kind": null, "last_payment": null}}, {"pk": 5, "model": "gather.debt", "fields": {"amount": 80000, "user": 6, "kind": "student", "last_payment": null}}, {"pk": 6, "model": "gather.debt", "fields": {"amount": 80000, "user": 7, "kind": "student", "last_payment": null}}, {"pk": 7, "model": "gather.debt", "fields": {"amount": 80234, "user": 8, "kind": "student", "last_payment": null}}, {"pk": 8, "model": "gather.debt", "fields": {"amount": 300000, "user": 9, "kind": "auto", "last_payment": null}}, {"pk": 9, "model": "gather.debt", "fields": {"amount": 80000, "user": 10, "kind": "student", "last_payment": null}}, {"pk": 10, "model": "gather.debt", "fields": {"amount": 80000, "user": 11, "kind": "student", "last_payment": null}}, {"pk": 11, "model": "gather.debt", "fields": {"amount": 80000, "user": 12, "kind": "student", "last_payment": null}}, {"pk": 12, "model": "gather.debt", "fields": {"amount": 80000, "user": 13, "kind": "student", "last_payment": null}}, {"pk": 13, "model": "gather.debt", "fields": {"amount": 80000, "user": 14, "kind": "student", "last_payment": null}}, {"pk": 14, "model": "gather.debt", "fields": {"amount": 80000, "user": 15, "kind": "student", "last_payment": null}}, {"pk": 15, "model": "gather.debt", "fields": {"amount": 80000, "user": 16, "kind": "student", "last_payment": null}}, {"pk": 16, "model": "gather.debt", "fields": {"amount": 80000, "user": 17, "kind": "student", "last_payment": null}}, {"pk": 17, "model": "gather.debt", "fields": {"amount": 80000, "user": 18, "kind": "student", "last_payment": null}}, {"pk": 18, "model": "gather.debt", "fields": {"amount": 80000, "user": 21, "kind": "student", "last_payment": null}}, {"pk": 19, "model": "gather.debt", "fields": {"amount": 80000, "user": 28, "kind": "student", "last_payment": null}}, {"pk": 20, "model": "gather.debt", "fields": {"amount": 40000, "user": 31, "kind": "student", "last_payment": null}}, {"pk": 21, "model": "gather.debt", "fields": {"amount": 40000, "user": 32, "kind": "student", "last_payment": null}}, {"pk": 22, "model": "gather.debt", "fields": {"amount": 30000, "user": 33, "kind": "student", "last_payment": null}}, {"pk": 23, "model": "gather.debt", "fields": {"amount": 30000, "user": 34, "kind": "student", "last_payment": null}}, {"pk": 24, "model": "gather.debt", "fields": {"amount": 30000, "user": 35, "kind": "student", "last_payment": null}}, {"pk": 25, "model": "gather.debt", "fields": {"amount": 80000, "user": 36, "kind": "student", "last_payment": null}}, {"pk": 26, "model": "gather.debt", "fields": {"amount": 80000, "user": 38, "kind": "student", "last_payment": null}}, {"pk": 27, "model": "gather.debt", "fields": {"amount": 80000, "user": 39, "kind": "student", "last_payment": null}}, {"pk": 28, "model": "gather.debt", "fields": {"amount": 80000, "user": 40, "kind": "auto", "last_payment": null}}, {"pk": 29, "model": "gather.debt", "fields": {"amount": 80000, "user": 41, "kind": "student", "last_payment": null}}, {"pk": 30, "model": "gather.debt", "fields": {"amount": 3234, "user": 42, "kind": "student", "last_payment": null}}, {"pk": 31, "model": "gather.debt", "fields": {"amount": 80000, "user": 43, "kind": "student", "last_payment": null}}, {"pk": 32, "model": "gather.debt", "fields": {"amount": 80000, "user": 44, "kind": "student", "last_payment": null}}, {"pk": 33, "model": "gather.debt", "fields": {"amount": 80000, "user": 45, "kind": "student", "last_payment": null}}, {"pk": 34, "model": "gather.debt", "fields": {"amount": 80000, "user": 47, "kind": "student", "last_payment": null}}, {"pk": 35, "model": "gather.debt", "fields": {"amount": 80000, "user": 48, "kind": "student", "last_payment": null}}, {"pk": 36, "model": "gather.debt", "fields": {"amount": 80000, "user": 49, "kind": "student", "last_payment": null}}, {"pk": 37, "model": "gather.debt", "fields": {"amount": 43000, "user": 50, "kind": "student", "last_payment": null}}, {"pk": 38, "model": "gather.debt", "fields": {"amount": 43000, "user": 51, "kind": "student", "last_payment": null}}, {"pk": 39, "model": "gather.debt", "fields": {"amount": 80000, "user": 52, "kind": "student", "last_payment": null}}, {"pk": 40, "model": "gather.debt", "fields": {"amount": 80000, "user": 54, "kind": "student", "last_payment": null}}, {"pk": 41, "model": "gather.debt", "fields": {"amount": 80000, "user": 55, "kind": "student", "last_payment": null}}, {"pk": 42, "model": "gather.debt", "fields": {"amount": 80000, "user": 56, "kind": "home", "last_payment": null}}, {"pk": 43, "model": "gather.debt", "fields": {"amount": 80000, "user": 57, "kind": "student", "last_payment": null}}, {"pk": 44, "model": "gather.debt", "fields": {"amount": 80000, "user": 58, "kind": "student", "last_payment": null}}, {"pk": 45, "model": "gather.debt", "fields": {"amount": 80000, "user": 59, "kind": "student", "last_payment": null}}, {"pk": 46, "model": "gather.debt", "fields": {"amount": 80000, "user": 60, "kind": "student", "last_payment": null}}, {"pk": 47, "model": "gather.debt", "fields": {"amount": 80000, "user": 61, "kind": "student", "last_payment": null}}, {"pk": 1, "model": "admin.logentry", "fields": {"action_flag": 1, "action_time": "2015-07-09T02:50:56.293Z", "object_repr": "Action object", "object_id": "1", "change_message": "", "user": 1, "content_type": 16}}, {"pk": 2, "model": "admin.logentry", "fields": {"action_flag": 1, "action_time": "2015-07-09T02:51:38.587Z", "object_repr": "angetran", "object_id": "53", "change_message": "", "user": 1, "content_type": 4}}, {"pk": 3, "model": "admin.logentry", "fields": {"action_flag": 1, "action_time": "2015-07-09T02:51:43.135Z", "object_repr": "Collective object", "object_id": "1", "change_message": "", "user": 1, "content_type": 17}}, {"pk": 4, "model": "admin.logentry", "fields": {"action_flag": 2, "action_time": "2015-07-09T02:54:44.063Z", "object_repr": "Corinthian Debt Strike", "object_id": "1", "change_message": "Changed name.", "user": 1, "content_type": 16}}, {"pk": 5, "model": "admin.logentry", "fields": {"action_flag": 1, "action_time": "2015-07-09T02:55:26.299Z", "object_repr": "Genesis Stop Payment Campaign", "object_id": "2", "change_message": "", "user": 1, "content_type": 16}}, {"pk": 6, "model": "admin.logentry", "fields": {"action_flag": 1, "action_time": "2015-07-09T02:55:47.898Z", "object_repr": "Defense to Repayment", "object_id": "3", "change_message": "", "user": 1, "content_type": 16}}, {"pk": 7, "model": "admin.logentry", "fields": {"action_flag": 1, "action_time": "2015-07-09T02:56:21.094Z", "object_repr": "Corinthian Bankruptcy Claims", "object_id": "4", "change_message": "", "user": 1, "content_type": 16}}, {"pk": 8, "model": "admin.logentry", "fields": {"action_flag": 2, "action_time": "2015-07-09T02:56:28.311Z", "object_repr": "Corinthian Collective", "object_id": "1", "change_message": "Changed actions.", "user": 1, "content_type": 17}}, {"pk": 9, "model": "admin.logentry", "fields": {"action_flag": 3, "action_time": "2015-07-09T03:15:47.107Z", "object_repr": "Corinthian Collective", "object_id": "1", "change_message": "", "user": 1, "content_type": 17}}, {"pk": 10, "model": "admin.logentry", "fields": {"action_flag": 3, "action_time": "2015-07-09T03:15:55.690Z", "object_repr": "Corinthian Bankruptcy Claims", "object_id": "4", "change_message": "", "user": 1, "content_type": 16}}, {"pk": 11, "model": "admin.logentry", "fields": {"action_flag": 3, "action_time": "2015-07-09T03:15:55.693Z", "object_repr": "Defense to Repayment", "object_id": "3", "change_message": "", "user": 1, "content_type": 16}}, {"pk": 12, "model": "admin.logentry", "fields": {"action_flag": 3, "action_time": "2015-07-09T03:15:55.696Z", "object_repr": "Genesis Stop Payment Campaign", "object_id": "2", "change_message": "", "user": 1, "content_type": 16}}, {"pk": 13, "model": "admin.logentry", "fields": {"action_flag": 3, "action_time": "2015-07-09T03:15:55.698Z", "object_repr": "Corinthian Debt Strike", "object_id": "1", "change_message": "", "user": 1, "content_type": 16}}, {"pk": 14, "model": "admin.logentry", "fields": {"action_flag": 1, "action_time": "2015-07-09T03:18:16.576Z", "object_repr": "Debt Strike", "object_id": "5", "change_message": "", "user": 1, "content_type": 16}}, {"pk": 15, "model": "admin.logentry", "fields": {"action_flag": 1, "action_time": "2015-07-09T03:18:44.104Z", "object_repr": "Corinthian Collective", "object_id": "2", "change_message": "", "user": 1, "content_type": 17}}, {"pk": 16, "model": "admin.logentry", "fields": {"action_flag": 1, "action_time": "2015-07-09T03:38:26.378Z", "object_repr": "Genesis Stop Payment Campaign", "object_id": "6", "change_message": "", "user": 1, "content_type": 16}}, {"pk": 17, "model": "admin.logentry", "fields": {"action_flag": 2, "action_time": "2015-07-09T03:38:37.945Z", "object_repr": "Corinthian Collective", "object_id": "2", "change_message": "Changed actions.", "user": 1, "content_type": 17}}, {"pk": 18, "model": "admin.logentry", "fields": {"action_flag": 1, "action_time": "2015-07-09T03:38:58.271Z", "object_repr": "Defense to Repayment", "object_id": "7", "change_message": "", "user": 1, "content_type": 16}}, {"pk": 19, "model": "admin.logentry", "fields": {"action_flag": 2, "action_time": "2015-07-09T03:41:03.217Z", "object_repr": "Defense to Repayment", "object_id": "7", "change_message": "Changed link and image.", "user": 1, "content_type": 16}}, {"pk": 20, "model": "admin.logentry", "fields": {"action_flag": 2, "action_time": "2015-07-09T03:41:32.840Z", "object_repr": "Genesis Stop Payment Campaign", "object_id": "6", "change_message": "Changed description, link and image.", "user": 1, "content_type": 16}}, {"pk": 21, "model": "admin.logentry", "fields": {"action_flag": 2, "action_time": "2015-07-09T03:41:55.250Z", "object_repr": "Debt Strike", "object_id": "5", "change_message": "Changed link and image.", "user": 1, "content_type": 16}}, {"pk": 22, "model": "admin.logentry", "fields": {"action_flag": 2, "action_time": "2015-07-09T03:44:01.307Z", "object_repr": "Corinthian Collective", "object_id": "2", "change_message": "Changed actions.", "user": 1, "content_type": 17}}, {"pk": 23, "model": "admin.logentry", "fields": {"action_flag": 1, "action_time": "2015-07-09T03:45:21.418Z", "object_repr": "Solidarity Strike", "object_id": "8", "change_message": "", "user": 1, "content_type": 16}}, {"pk": 24, "model": "admin.logentry", "fields": {"action_flag": 2, "action_time": "2015-07-09T03:45:51.374Z", "object_repr": "Corinthian Collective", "object_id": "2", "change_message": "Changed actions.", "user": 1, "content_type": 17}}, {"pk": 25, "model": "admin.logentry", "fields": {"action_flag": 2, "action_time": "2015-07-09T03:47:08.590Z", "object_repr": "Corinthian Collective", "object_id": "2", "change_message": "Changed actions.", "user": 1, "content_type": 17}}, {"pk": 26, "model": "admin.logentry", "fields": {"action_flag": 1, "action_time": "2015-07-09T03:49:36.254Z", "object_repr": "Bankruptcy Claims", "object_id": "9", "change_message": "", "user": 1, "content_type": 16}}, {"pk": 27, "model": "admin.logentry", "fields": {"action_flag": 2, "action_time": "2015-07-09T03:49:44.352Z", "object_repr": "Bankruptcy Claims", "object_id": "9", "change_message": "No fields changed.", "user": 1, "content_type": 16}}, {"pk": 28, "model": "admin.logentry", "fields": {"action_flag": 2, "action_time": "2015-07-09T03:49:45.215Z", "object_repr": "Bankruptcy Claims", "object_id": "9", "change_message": "No fields changed.", "user": 1, "content_type": 16}}, {"pk": 29, "model": "admin.logentry", "fields": {"action_flag": 2, "action_time": "2015-07-09T03:49:52.443Z", "object_repr": "Corinthian Collective", "object_id": "2", "change_message": "Changed actions.", "user": 1, "content_type": 17}}, {"pk": 30, "model": "admin.logentry", "fields": {"action_flag": 2, "action_time": "2015-07-09T03:53:13.425Z", "object_repr": "Genesis Stop Payment Campaign", "object_id": "6", "change_message": "Changed link.", "user": 1, "content_type": 16}}, {"pk": 31, "model": "admin.logentry", "fields": {"action_flag": 2, "action_time": "2015-07-09T03:54:57.080Z", "object_repr": "Defense to Repayment", "object_id": "7", "change_message": "Changed image.", "user": 1, "content_type": 16}}, {"pk": 32, "model": "admin.logentry", "fields": {"action_flag": 2, "action_time": "2015-07-09T03:55:00.607Z", "object_repr": "Bankruptcy Claims", "object_id": "9", "change_message": "No fields changed.", "user": 1, "content_type": 16}}, {"pk": 33, "model": "admin.logentry", "fields": {"action_flag": 2, "action_time": "2015-07-09T03:55:05.674Z", "object_repr": "Genesis Stop Payment Campaign", "object_id": "6", "change_message": "Changed link and image.", "user": 1, "content_type": 16}}, {"pk": 34, "model": "admin.logentry", "fields": {"action_flag": 2, "action_time": "2015-07-09T03:55:08.777Z", "object_repr": "Debt Strike", "object_id": "5", "change_message": "No fields changed.", "user": 1, "content_type": 16}}, {"pk": 35, "model": "admin.logentry", "fields": {"action_flag": 2, "action_time": "2015-07-09T03:55:11.810Z", "object_repr": "Solidarity Strike", "object_id": "8", "change_message": "No fields changed.", "user": 1, "content_type": 16}}, {"pk": 36, "model": "admin.logentry", "fields": {"action_flag": 2, "action_time": "2015-07-09T03:56:29.635Z", "object_repr": "Corinthian Collective", "object_id": "2", "change_message": "Changed image.", "user": 1, "content_type": 17}}, {"pk": 37, "model": "admin.logentry", "fields": {"action_flag": 2, "action_time": "2015-07-09T04:10:45.641Z", "object_repr": "Corinthian Collective", "object_id": "2", "change_message": "Changed description.", "user": 1, "content_type": 17}}, {"pk": 38, "model": "admin.logentry", "fields": {"action_flag": 2, "action_time": "2015-07-09T04:17:00.920Z", "object_repr": "Defense to Repayment", "object_id": "7", "change_message": "Changed image.", "user": 1, "content_type": 16}}, {"pk": 39, "model": "admin.logentry", "fields": {"action_flag": 1, "action_time": "2015-07-09T18:22:28.514Z", "object_repr": "Mailing List", "object_id": "10", "change_message": "", "user": 1, "content_type": 16}}, {"pk": 40, "model": "admin.logentry", "fields": {"action_flag": 1, "action_time": "2015-07-09T18:22:54.273Z", "object_repr": "Sallie Mae/Navient Collective", "object_id": "3", "change_message": "", "user": 1, "content_type": 17}}, {"pk": 41, "model": "admin.logentry", "fields": {"action_flag": 2, "action_time": "2015-07-10T02:25:35.484Z", "object_repr": "Genesis Stop Payment Campaign", "object_id": "6", "change_message": "Changed image.", "user": 1, "content_type": 16}}, {"pk": 42, "model": "admin.logentry", "fields": {"action_flag": 2, "action_time": "2015-07-10T02:28:47.623Z", "object_repr": "Corinthian Collective", "object_id": "2", "change_message": "Changed description.", "user": 1, "content_type": 17}}, {"pk": 43, "model": "admin.logentry", "fields": {"action_flag": 2, "action_time": "2015-07-10T02:30:13.940Z", "object_repr": "Corinthian Collective", "object_id": "2", "change_message": "Changed description.", "user": 1, "content_type": 17}}, {"pk": 44, "model": "admin.logentry", "fields": {"action_flag": 2, "action_time": "2015-07-10T02:30:30.779Z", "object_repr": "Corinthian Collective", "object_id": "2", "change_message": "Changed description.", "user": 1, "content_type": 17}}, {"pk": 45, "model": "admin.logentry", "fields": {"action_flag": 1, "action_time": "2015-07-11T01:56:57.765Z", "object_repr": "CollectiveMember object", "object_id": "1", "change_message": "", "user": 1, "content_type": 19}}, {"pk": 46, "model": "admin.logentry", "fields": {"action_flag": 2, "action_time": "2015-07-11T01:59:01.861Z", "object_repr": "karissa at Sallie Mae/Navient Collective", "object_id": "1", "change_message": "No fields changed.", "user": 1, "content_type": 19}}, {"pk": 47, "model": "admin.logentry", "fields": {"action_flag": 2, "action_time": "2015-07-11T02:02:54.553Z", "object_repr": "karissa - Sallie Mae/Navient Collective", "object_id": "1", "change_message": "Changed status.", "user": 1, "content_type": 19}}, {"pk": 48, "model": "admin.logentry", "fields": {"action_flag": 2, "action_time": "2015-07-11T02:02:58.850Z", "object_repr": "karissa - Sallie Mae/Navient Collective", "object_id": "1", "change_message": "Changed status.", "user": 1, "content_type": 19}}, {"pk": 49, "model": "admin.logentry", "fields": {"action_flag": 2, "action_time": "2015-07-11T15:04:30.813Z", "object_repr": "karissa - Sallie Mae/Navient Collective", "object_id": "1", "change_message": "No fields changed.", "user": 1, "content_type": 19}}, {"pk": 50, "model": "admin.logentry", "fields": {"action_flag": 2, "action_time": "2015-07-11T18:32:49.000Z", "object_repr": "Sallie Mae Mailing List", "object_id": "10", "change_message": "Changed name.", "user": 1, "content_type": 16}}, {"pk": 51, "model": "admin.logentry", "fields": {"action_flag": 3, "action_time": "2015-07-11T18:44:06.662Z", "object_repr": "Sallie Mae Mailing List", "object_id": "10", "change_message": "", "user": 1, "content_type": 16}}, {"pk": 52, "model": "admin.logentry", "fields": {"action_flag": 2, "action_time": "2015-07-11T18:47:05.301Z", "object_repr": "Corinthian Debt Strike", "object_id": "5", "change_message": "Changed name.", "user": 1, "content_type": 16}}, {"pk": 53, "model": "admin.logentry", "fields": {"action_flag": 2, "action_time": "2015-07-11T18:48:58.522Z", "object_repr": "Defense to Repayment", "object_id": "7", "change_message": "Changed image.", "user": 1, "content_type": 16}}, {"pk": 54, "model": "admin.logentry", "fields": {"action_flag": 2, "action_time": "2015-07-11T18:49:04.659Z", "object_repr": "Defense to Repayment", "object_id": "7", "change_message": "Changed image.", "user": 1, "content_type": 16}}, {"pk": 55, "model": "admin.logentry", "fields": {"action_flag": 2, "action_time": "2015-07-11T18:59:11.916Z", "object_repr": "General Student Debt Strike", "object_id": "8", "change_message": "Changed name.", "user": 1, "content_type": 16}}, {"pk": 56, "model": "admin.logentry", "fields": {"action_flag": 2, "action_time": "2015-07-11T19:03:42.083Z", "object_repr": "Genesis Stop Payment Campaign", "object_id": "6", "change_message": "Changed byline.", "user": 1, "content_type": 16}}, {"pk": 57, "model": "admin.logentry", "fields": {"action_flag": 2, "action_time": "2015-07-11T19:04:10.280Z", "object_repr": "Corinthian Debt Strike", "object_id": "5", "change_message": "Changed byline.", "user": 1, "content_type": 16}}, {"pk": 58, "model": "admin.logentry", "fields": {"action_flag": 2, "action_time": "2015-07-11T19:04:53.382Z", "object_repr": "Defense to Repayment", "object_id": "7", "change_message": "Changed description and byline.", "user": 1, "content_type": 16}}, {"pk": 59, "model": "admin.logentry", "fields": {"action_flag": 2, "action_time": "2015-07-11T19:06:00.774Z", "object_repr": "Bankruptcy Claims", "object_id": "9", "change_message": "Changed byline.", "user": 1, "content_type": 16}}, {"pk": 60, "model": "admin.logentry", "fields": {"action_flag": 2, "action_time": "2015-07-11T19:06:23.030Z", "object_repr": "General Student Debt Strike", "object_id": "8", "change_message": "Changed byline.", "user": 1, "content_type": 16}}, {"pk": 61, "model": "admin.logentry", "fields": {"action_flag": 1, "action_time": "2015-07-11T19:12:46.687Z", "object_repr": "Debt Collective", "object_id": "4", "change_message": "", "user": 1, "content_type": 17}}, {"pk": 62, "model": "admin.logentry", "fields": {"action_flag": 2, "action_time": "2015-07-11T19:13:13.390Z", "object_repr": "Sallie Mae/Navient Collective", "object_id": "3", "change_message": "Changed actions.", "user": 1, "content_type": 17}}, {"pk": 63, "model": "admin.logentry", "fields": {"action_flag": 2, "action_time": "2015-07-12T17:53:11.216Z", "object_repr": "Defense to Repayment", "object_id": "7", "change_message": "Changed image.", "user": 1, "content_type": 16}}, {"pk": 64, "model": "admin.logentry", "fields": {"action_flag": 2, "action_time": "2015-07-13T02:46:23.634Z", "object_repr": "Bankruptcy Claims", "object_id": "9", "change_message": "Changed image.", "user": 1, "content_type": 16}}, {"pk": 65, "model": "admin.logentry", "fields": {"action_flag": 2, "action_time": "2015-07-13T02:46:40.378Z", "object_repr": "Bankruptcy Claims", "object_id": "9", "change_message": "Changed image.", "user": 1, "content_type": 16}}, {"pk": 66, "model": "admin.logentry", "fields": {"action_flag": 2, "action_time": "2015-07-13T02:46:48.119Z", "object_repr": "Genesis Stop Payment Campaign", "object_id": "6", "change_message": "Changed image.", "user": 1, "content_type": 16}}, {"pk": 67, "model": "admin.logentry", "fields": {"action_flag": 2, "action_time": "2015-07-13T03:00:59.106Z", "object_repr": "Corinthian Collective", "object_id": "2", "change_message": "Changed link.", "user": 1, "content_type": 17}}, {"pk": 68, "model": "admin.logentry", "fields": {"action_flag": 2, "action_time": "2015-07-13T03:01:09.681Z", "object_repr": "Debt Collective", "object_id": "4", "change_message": "Changed link.", "user": 1, "content_type": 17}}, {"pk": 69, "model": "admin.logentry", "fields": {"action_flag": 2, "action_time": "2015-07-13T03:05:18.103Z", "object_repr": "Sallie Mae/Navient Collective", "object_id": "3", "change_message": "No fields changed.", "user": 1, "content_type": 17}}, {"pk": 70, "model": "admin.logentry", "fields": {"action_flag": 3, "action_time": "2015-07-13T05:41:22.890Z", "object_repr": "Angelareiswig@Yahoo.com", "object_id": "62", "change_message": "", "user": 1, "content_type": 4}}, {"pk": 71, "model": "admin.logentry", "fields": {"action_flag": 3, "action_time": "2015-07-13T06:08:50.575Z", "object_repr": "Angelareiswig@Yahoo.com", "object_id": "63", "change_message": "", "user": 1, "content_type": 4}}, {"pk": 72, "model": "admin.logentry", "fields": {"action_flag": 3, "action_time": "2015-07-13T06:16:16.029Z", "object_repr": "Angelareiswig@Yahoo.com", "object_id": "64", "change_message": "", "user": 1, "content_type": 4}}, {"pk": 73, "model": "admin.logentry", "fields": {"action_flag": 3, "action_time": "2015-07-14T14:04:07.327Z", "object_repr": "Angelareiswig@Yahoo.com", "object_id": "66", "change_message": "", "user": 1, "content_type": 4}}, {"pk": 74, "model": "admin.logentry", "fields": {"action_flag": 3, "action_time": "2015-07-14T14:04:07.350Z", "object_repr": "angelareiswig@yahoo.com", "object_id": "65", "change_message": "", "user": 1, "content_type": 4}}, {"pk": 75, "model": "admin.logentry", "fields": {"action_flag": 3, "action_time": "2015-07-14T14:04:25.990Z", "object_repr": "karissa - Sallie Mae/Navient Collective", "object_id": "1", "change_message": "", "user": 1, "content_type": 19}}, {"pk": 76, "model": "admin.logentry", "fields": {"action_flag": 2, "action_time": "2015-07-17T15:20:08.442Z", "object_repr": "General Student Debt Strike", "object_id": "8", "change_message": "Changed image.", "user": 1, "content_type": 16}}, {"pk": 77, "model": "admin.logentry", "fields": {"action_flag": 2, "action_time": "2015-07-17T15:42:01.579Z", "object_repr": "Corinthian Debt Strike", "object_id": "5", "change_message": "Changed image.", "user": 1, "content_type": 16}}, {"pk": 78, "model": "admin.logentry", "fields": {"action_flag": 2, "action_time": "2015-07-17T15:45:42.047Z", "object_repr": "Bankruptcy Claims", "object_id": "9", "change_message": "Changed image.", "user": 1, "content_type": 16}}, {"pk": 79, "model": "admin.logentry", "fields": {"action_flag": 2, "action_time": "2015-07-17T15:46:15.573Z", "object_repr": "Defense to Repayment", "object_id": "7", "change_message": "Changed image.", "user": 1, "content_type": 16}}, {"pk": 80, "model": "admin.logentry", "fields": {"action_flag": 2, "action_time": "2015-07-17T15:46:19.875Z", "object_repr": "Corinthian Debt Strike", "object_id": "5", "change_message": "No fields changed.", "user": 1, "content_type": 16}}, {"pk": 81, "model": "admin.logentry", "fields": {"action_flag": 2, "action_time": "2015-07-17T15:47:27.001Z", "object_repr": "General Student Debt Strike", "object_id": "8", "change_message": "No fields changed.", "user": 1, "content_type": 16}}, {"pk": 82, "model": "admin.logentry", "fields": {"action_flag": 2, "action_time": "2015-07-17T15:47:35.123Z", "object_repr": "Corinthian Debt Strike", "object_id": "5", "change_message": "Changed image.", "user": 1, "content_type": 16}}, {"pk": 83, "model": "admin.logentry", "fields": {"action_flag": 2, "action_time": "2015-07-17T15:47:54.962Z", "object_repr": "Genesis Stop Payment Campaign", "object_id": "6", "change_message": "Changed image.", "user": 1, "content_type": 16}}, {"pk": 84, "model": "admin.logentry", "fields": {"action_flag": 2, "action_time": "2015-07-17T17:25:30.680Z", "object_repr": "Corinthian Debt Strike", "object_id": "5", "change_message": "No fields changed.", "user": 1, "content_type": 16}}, {"pk": 85, "model": "admin.logentry", "fields": {"action_flag": 2, "action_time": "2015-07-17T20:39:26.500Z", "object_repr": "General Student Debt Strike", "object_id": "8", "change_message": "Changed featured.", "user": 1, "content_type": 16}}, {"pk": 86, "model": "admin.logentry", "fields": {"action_flag": 2, "action_time": "2015-07-17T20:39:29.979Z", "object_repr": "Corinthian Debt Strike", "object_id": "5", "change_message": "Changed featured.", "user": 1, "content_type": 16}}, {"pk": 87, "model": "admin.logentry", "fields": {"action_flag": 2, "action_time": "2015-07-18T15:26:33.195Z", "object_repr": "Corinthian Collective", "object_id": "2", "change_message": "Changed image.", "user": 1, "content_type": 17}}, {"pk": 88, "model": "admin.logentry", "fields": {"action_flag": 2, "action_time": "2015-07-18T15:26:52.180Z", "object_repr": "Sallie Mae/Navient Collective", "object_id": "3", "change_message": "Changed image.", "user": 1, "content_type": 17}}, {"pk": 89, "model": "admin.logentry", "fields": {"action_flag": 2, "action_time": "2015-07-18T15:27:05.166Z", "object_repr": "Debt Collective", "object_id": "4", "change_message": "Changed image.", "user": 1, "content_type": 17}}]